gm3533810417469651541	1096
gm5665176072106628336	1822
gm1862463284405273649	2909
gm4809175609698212610	541
gm8425392154666326270	597
gm1544124338308062878	1179
gm7827696524892276947	573
gm3793691973381117944	573
gm9180443309207797312	562
gm4959362677164847460	587
gm3079439257957111846	578
gm114193494427881444	585
gm5565956783130595975	587
gm5916620834335145034	1119
gm397296849658792502	589
gm2651563973353169595	617
gm239523017701295127	562
gm7928300815347386121	600
gm9097264412912196003	581
gm1139428119394232195	2311
gm4349730595368930838	578
gm5225501536342460409	569
gm7927156078612457324	1094
gm5179429890837629266	540
gm4254736246865125767	593
gm6586913639876418646	566
gm2115736610240486045	549
gm2260069455022627965	552
gm1420511902225029330	587
gm6255191076328469858	1710
gm6637116952289506790	585
gm3287939056106121348	1145
gm3167288810563849971	568
gm6992803144409229307	1698
gm1868351540278352350	606
gm4853342495588422035	1223
gm8544323795743278549	575
gm4132664168301038311	1168
gm6222386225953683728	590
gm2724378871891899315	560
gm935142540036933016	556
gm1568281107938748856	538
gm6253887399832515343	578
gm1806978060283424001	584
gm5443174613570310307	1163
gm5050636412700486227	527
gm5953944705069873592	565
gm469154477155556137	547
gm6866220382562179461	592
gm8280883031509319855	581
gm933271210251753544	559
gm9117764308169165176	552
gm8205253492384449156	644
gm3827243843365967053	612
gm4366874908597103306	553
gm1991209148409595282	2292
gm7735372780472224878	523
gm3192476736818046228	570
gm595801127023561243	565
gm137363443092858725	622
gm631151156999172138	589
gm9106305068705810434	575
gm35613014985784737	546
gm1523104661365997654	608
gm534597610518961649	602
gm7409435322009988247	583
gm4905774237733461202	564
gm6380295884155023024	546
gm7425551594865581304	571
gm4023941288525490953	554
gm5977160737514589565	567
gm7064851829126223940	600
gm5916590939676547226	1799
gm4231021856618561301	568
gm218204482367264290	602
gm8391257328528567024	609
gm8977392172228809556	594
gm6553880888879873812	1152
gm1273135740903722595	1150
gm1078996029068535978	598
gm527718919726959524	607
gm7814765790538009382	611
gm7376682190538212463	590
gm4313644072336619631	579
gm2792894985986432634	590
gm2829408054531245813	1135
gm5524448357221542740	563
gm8987621104059251327	578
gm632910359145057466	581
gm3527934934922508887	1714
gm890067335974798336	585
gm5983464085338774135	2262
gm3079706031943320486	569
gm3842293416105474217	537
gm3164461215285669167	599
gm8986012345954558713	4091
gm2201016740279025762	594
gm2298086967941407447	1628
gm3111344768055702030	569
gm6691702024824083218	555
gm287896999310821432	552
gm44908344638182431	559
gm1289140359998338020	290
gm7493493892090138577	574
gm86413166721407215	559
gm5657336438212591304	1166
gm6625796499715935506	568
gm7043510337023084348	1147
gm6403593012747851181	543
gm4785407437288453927	556
gm7337256459956256756	592
gm839195361922111797	1189
gm5950163459730930913	1693
gm8093660471029335109	581
gm6020527540767618004	1167
gm8567848021165632264	592
gm1990483507317234347	574
gm7155357639149564558	564
gm1412322336487306597	2302
gm8741833328143501034	634
gm610275173417438347	4607
gm5891536040429371777	591
gm3635568986896761078	571
gm2630952481757503594	1847
gm2707561742650730738	1783
gm4582035704219780195	560
gm1365278990069632716	569
gm4301941021470204334	569
gm7168447749367896814	572
gm3627051764899159321	572
gm2117918812097169799	591
gm8884158655675520397	577
gm4509047856904018049	1659
gm4895411675923889246	582
gm2326137264526123745	562
gm8968770084799398150	604
gm5574104227234421449	1792
gm5983211938820127284	1147
gm3971424476177689601	608
gm8789589181209280517	1748
gm6979759072278682333	590
gm1467729592555332704	564
gm452972980120567991	1171
gm5448626735262177007	536
gm8504931592495982469	578
gm3390240106352085160	580
gm2296302459427139125	3380
gm2990758777060072945	597
gm3637573137653106677	593
gm8639026163052336590	1790
gm2289023374018439195	578
gm9215790462526003745	541
gm8364406677851555503	1757
gm1315119413086466730	549
gm6711911383891934733	542
gm3857213267481090308	587
gm7473608829818436575	596
gm1795227557114921191	581
gm414738246343595365	561
gm5353984013867551167	579
gm5096227930238141357	562
gm2966105904008881945	587
gm2771579844092151705	604
gm4198261446950626773	1733
gm1842492066962577288	586
gm2245619043216455315	586
gm8150759236129357675	611
gm768925148147780968	2312
gm8163772964455771252	542
gm2100090576333921926	595
gm2880833606602895562	589
gm634062229438872196	553
gm5903468183956601172	588
gm2726215167295567921	3533
gm4347470900952772603	627
gm7000252905259131335	558
gm1872658765129413101	1768
gm186312069638261632	567
gm7281524350211226316	587
gm2064770489280639400	594
gm6886595564897020691	569
gm8691635919281893934	579
gm4851983948365718694	551
gm4172464792832662598	1161
gm6838544805368831674	1159
gm4931924664782667303	592
gm1697766936194577992	609
gm4996825025203585014	578
gm4275481210450124295	582
gm2451182923766035175	577
gm4905854775600743981	1131
gm6906675074679746005	550
gm4869797303707157236	1608
gm8328182137618125053	600
gm390725194006621888	597
gm3678345988467318553	566
gm5892895812087063960	603
gm7738101835402428061	2820
gm4876625163983798764	603
gm5961323916157354456	553
gm1188723085733745859	591
gm4307880069144694712	576
gm7660983434740381248	551
gm130716546511213659	1743
gm8525204038419004727	1766
gm3330224560440961077	588
gm2504380848774161495	573
gm544983800684995003	599
gm1392043329088165937	594
gm5625101901647528643	546
gm4312161426786353111	570
gm6909926039138995709	1149
gm7254650425630740113	582
gm4661449647258728594	2273
gm1979566875371441456	533
gm4042761748308558973	1166
gm8736138417559320051	573
gm7663912759746555824	562
gm6464918233188116801	603
gm2197110607287561442	553
gm6569929096730255522	547
gm827664352563662084	593
gm6464496576637029186	600
gm2902237031887406193	638
gm8568150613864638995	581
gm2012565417405256845	586
gm7423607072671156368	610
gm3968629775969109116	558
gm8763045823578944855	566
gm3050195428361861293	3553
gm3498190966818400762	3389
gm4040855125685330636	3482
gm896999458071510640	584
gm5760639098259360199	549
gm131972050854726426	2935
gm5519823413181233908	555
gm409421977623869100	1176
gm5105388721737237969	582
gm8737504813906767846	583
gm8630086706731428085	555
gm3818223166920281476	575
gm58871812849228232	601
gm6335466530281914494	612
gm2302420592726781988	585
gm1783991361513639647	593
gm7475581251157648127	1118
gm4260477613326444823	569
gm7371039431296695984	1753
gm7612946862391024238	583
gm1206940513527898666	4736
gm4353772142428423507	1109
gm2231015746127495176	587
gm4756386351705468249	563
gm508128227629268769	568
gm9070758760560081240	1226
gm1683954157964693081	1725
gm7796442371812444014	583
gm7965597408109385586	596
gm4221064168463944957	533
gm4132700983423536542	1095
gm5958508236257289360	552
gm6999351451750929468	568
gm1257202017919043997	1767
gm1970102792830124846	579
gm2312629873325094546	589
gm4813162766437804311	2234
gm3628173171406404401	549
gm3188320665563492422	530
gm1207419315141940527	536
gm6543056918588729563	594
gm4617450535281553658	545
gm7670794402843567119	1139
gm1585034886904003592	603
gm5741191710263258971	1117
gm4278956194002051461	1143
gm9189845173215293180	558
gm6162949398027261871	574
gm6707954288472513398	537
gm2278897493107392618	591
gm9049268080299569122	617
gm2671878398701760921	556
gm6226020181709061663	587
gm7095821437734404478	1138
gm6588886595665733361	566
gm5109870718847036775	613
gm5261624524163402486	554
gm2523946363602812296	529
gm8641409024334835403	566
gm7194766452575016842	1112
gm7165348345537878223	591
gm4545071272018219251	630
gm3567914567046702653	574
gm4846557135460093982	570
gm398234742884867822	1761
gm7015662824230926813	598
gm2477740260265432279	624
gm5124276116762595886	1723
gm1367937420331194388	1169
gm2430670833659590250	567
gm6214557701471153725	537
gm5477008689052589137	1133
gm723254884717743658	1177
gm5938811641099316125	540
gm8376032178829626916	612
gm3030471783262326056	580
gm1999531863748271376	563
gm4980802966401752117	593
gm6037165458789515106	4618
gm453992799042771950	1699
gm1467843790261559840	551
gm1260308380763885687	552
gm7532203572014312170	551
gm4036728707267105403	574
gm3606970919137790395	2269
gm1120924209654080563	2876
gm964874725204679198	1646
gm5645035034562118860	1127
gm8020962689682562497	607
gm7917108116691077380	598
gm153949093564038054	532
gm3359182074762163831	599
gm5801844629033977169	545
gm6099817672292418252	4203
gm7269672782659313443	2310
gm2204715143524610005	571
gm8115475256879157023	583
gm8280539385456213970	608
gm2537065211760326269	1187
gm3883366156852005704	580
gm1085183698181839763	1155
gm4497370134755059534	585
gm6332688191612838546	547
gm3108162172536744094	584
gm4235591443667481730	584
gm5713506256394410605	530
gm470258663280282827	579
gm8678394778796413961	606
gm669300330399584369	575
gm672149354255805329	602
gm7893087044339360245	591
gm7496924333478347938	574
gm7612678739863702397	572
gm4090593500199059209	540
gm956352099174131467	574
gm4876390407684706557	555
gm1743136313522438614	1150
gm6534284574479084904	584
gm3821710495594353317	576
gm2454620322185504302	613
gm8762846585034323428	572
gm3759374437607168659	569
gm5948439952461446858	1713
gm4222919023055382032	579
gm1419175059495455356	577
gm3138296981655637258	567
gm7446280501337483376	599
gm9017473721728595690	550
gm2066801848168141094	571
gm9853701618061947	553
gm7555207079680696344	592
gm334759587437562602	577
gm3474267359447662132	584
gm1030381197601835002	624
gm473771085640533450	587
gm611114648045077481	579
gm1147245849719071313	587
gm3467915824127150441	597
gm6241163839398064538	571
gm6607100195046871686	576
gm5273107679160175730	1124
gm8900685416303963947	579
gm7453920495128785285	557
gm3725315331620590430	593
gm8622839982424443933	564
gm8386464729153282743	605
gm2643340777328740256	582
gm4712553446916785813	588
gm4270415583168043674	626
gm8900310641246728640	1180
gm441075390987022079	2356
gm1731885936420368473	542
gm2027617574083761864	568
gm2135932076969460014	566
gm8628693509340168249	601
gm866404126818387117	588
gm6360847174775353998	596
gm1649765409546449783	1745
gm2185167883017333193	564
gm167254317291632601	612
gm8024208627316646878	595
gm5397030011884588804	594
gm4241968116677333859	590
gm6736864775344344685	609
gm5088734809997239450	570
gm5164864039976849658	1182
gm5693537933979054656	590
gm4755433720429974524	584
gm3078214440548250688	587
gm7431990365540677169	548
gm1458567603725458504	620
gm5105417100358021575	570
gm7267116649878622193	590
gm3365982345534384097	578
gm2755316394890366905	559
gm3604112182172096833	573
gm2472092221666445588	1184
gm5260753681890628797	567
gm1167043012774497332	1627
gm5851363881686968610	547
gm8659566857101785071	1136
gm7477015434154376568	576
gm4411003284980889647	1099
gm2979796708806204288	1785
gm2600814996329821299	1138
gm3692677134485504927	568
gm1002537988847552408	602
gm765548352776090993	581
gm8553459893399576446	1677
gm3135974472481934064	533
gm65957769597611571	1193
gm4105792197264127311	284
gm3836098122796906821	580
gm3682542110110190505	601
gm2455437728035811592	564
gm4192213320845570109	581
gm2004747494639639502	574
gm9200023383259270581	548
gm9135627844131583768	587
gm5689756991599683180	595
gm4551829072190040149	589
gm2826961293910237106	589
gm189560277817865168	565
gm5406678800824558919	1722
gm3725756498309351532	555
gm4941604700824414526	565
gm2827964052423956207	595
gm5661949794585535496	1776
gm1727701094233372655	630
gm6693200239830487702	633
gm5090490788288905483	1124
gm1298920670438246558	1237
gm6770829799262190777	585
gm6273674367238793588	571
gm5932389518308338641	591
gm7248154912615139185	597
gm9032091687759154611	544
gm4432554963878064971	1099
gm5382806187555177724	613
gm3250192005269956211	1155
gm2098533513703887935	1201
gm9123238907861130359	577
gm6799984861109246089	628
gm3462522433879411974	1167
gm2599279377930998095	566
gm6064626558144454973	604
gm5299291754116599507	581
gm1865472287102990854	562
gm8812405295345329823	585
gm237778732019307417	595
gm4266275090956048616	613
gm7464760495784707263	597
gm1861198797331247768	549
gm7848850742111585423	563
gm2005509030012699767	615
gm5984812261720228477	556
gm8209146343533528761	589
gm3548942372041436296	576
gm1080109982455867862	592
gm4530163444415884525	1163
gm8492055405727295098	588
gm8064293968219433828	582
gm5704295950196678539	603
gm5705765446169684321	575
gm6005548720248555353	598
gm4063117902525147736	572
gm1964408916980493420	2802
gm2946616040234904322	594
gm1585280016049905692	543
gm2121994084383833904	561
gm5789344328863432659	552
gm5023089755761428266	571
gm8633718279465907325	574
gm2631572382273705382	538
gm6297496748869077340	593
gm3480483444603084723	2278
gm8546037810873145035	567
gm2337016658878906336	2361
gm373571420939604566	583
gm2707646223579893384	579
gm746363226382941071	563
gm5419347356670424686	597
gm1018484752342096310	1189
gm6496969800411244062	554
gm5943294108391952845	1103
gm4518921132479624846	590
gm4303930781396439673	534
gm2124473550545438889	592
gm2058136532714465538	4046
gm2645457646275189254	2334
gm796028824862204670	1763
gm7153319445218788468	550
gm694726601344464517	578
gm2493934360130102904	591
gm8625159871897372516	583
gm3662635831036226610	559
gm7128381639435573947	563
gm4943961039264829135	563
gm4623972813512021287	538
gm1826982100077169560	547
gm7186868789173781012	605
gm8628389634949532843	574
gm5071073014417683461	1167
gm1900525964987398779	561
gm7250878659010715902	550
gm2222476796132624285	1215
gm2001654456607572870	1116
gm7862416266253957157	573
gm8728273812995395938	591
gm8402631301281003918	586
gm2032776961156030259	595
gm8404309569604097313	596
gm8846321426535059743	507
gm3136557804105304107	583
gm3985855742007099772	588
gm3779317036701912400	560
gm8642119954572627885	599
gm2415894361230322284	566
gm4786528064691450395	1766
gm3532201138689605689	559
gm256856965272576591	4089
gm1659217933576025267	562
gm636941037217187538	591
gm8231395440260982506	585
gm8892682356203418647	581
gm2729119865123665537	585
gm6766549088674467365	581
gm158503884955606646	565
gm762990420561680497	592
gm2694855595386680330	551
gm577071296026414704	588
gm7054921262387211730	1165
gm1531465376722312177	542
gm7154602317968241797	589
gm2030471826961223586	539
gm5744085156670742253	626
gm3812874289975617808	1727
gm5907703305402303415	563
gm6407710604482751530	566
gm2831183782491342171	555
gm7640360209168448038	554
gm1452620501934291836	546
gm7189429418125105138	559
gm3785875859994871336	1116
gm1517580812548325687	570
gm2903639169273594054	608
gm4834439229208178615	584
gm9038072390955153866	1156
gm3299633505347615817	577
gm7895914702347842641	533
gm4142247017266406449	552
gm4436061517459859405	629
gm4176763019070254572	541
gm8427904457536038474	629
gm3284653630304948562	549
gm4510699551178528635	1748
gm3202316266818204266	598
gm3744925471977179569	569
gm4387548605035144541	1722
gm8830795097452778211	560
gm3034027737077136431	553
gm789806727992624826	609
gm5164364443059163853	596
gm2540784459476261884	556
gm8579828210380248992	594
gm3414022293014190503	575
gm3721895911924190286	570
gm2870895286096638904	602
gm991277057452444394	557
gm4366089498935224513	519
gm8165823292153876375	588
gm5126126646513817004	588
gm2062467492322641038	587
gm8790762755723116645	544
gm1286799181351599769	561
gm4427199558579481059	594
gm2972614704670050218	3481
gm5689132620025693036	1688
gm2085524556595457471	610
gm5094238843731608190	552
gm985388080432766377	1188
gm9016750734899990677	589
gm3499466688690208926	1733
gm2962174133000798356	576
gm5568614560771044172	502
gm7956047534066613551	593
gm1745797778626651717	579
gm309665699230713969	540
gm4714370706119004040	574
gm320662930800886663	598
gm2604447366828956578	592
gm2785495711418229923	578
gm1068867134029586603	554
gm5587491418450108119	1138
gm3306646509149588500	621
gm6966132839290772493	574
gm2405007089229411062	588
gm8936128974772789145	619
gm8938415185090249124	1156
gm2456237018082445813	608
gm5749125282281773488	552
gm3020001284893308030	614
gm2662788893568382665	271
gm5734356851466568327	1697
gm8643941296180243755	1750
gm7828234782027420765	2321
gm580830696780724842	542
gm5326000635200021489	586
gm2234065638617374795	563
gm4070561252295494881	568
gm6823275387423695425	570
gm4151031054360892422	1727
gm1847857731325021329	625
gm8824943918313380146	528
gm6418693265484749451	578
gm328487508735736138	551
gm6567015142781461029	1179
gm2055245936547360591	585
gm2298515512451433255	610
gm7240267216408132256	573
gm7667722777936192346	618
gm4957637253359683746	569
gm6145454530194158292	1153
gm8769905095263871568	1118
gm1909144226683288305	3406
gm4017915773268931579	2293
gm6392978226141476152	1085
gm9081482222100839593	2342
gm757343857454963895	1115
gm8162494906311169214	521
gm3919859933396735372	550
gm5967227271831468598	599
gm1516046776769959522	607
gm4471232428245043709	622
gm6754203312556296583	572
gm7244881312791664989	548
gm3077744005627646484	1151
gm4427337513796649774	571
gm2642197247595526512	615
gm5751863693382444269	553
gm7327941647423063444	2308
gm7351496036179300648	665
gm593575817052348572	579
gm1512895650282958049	579
gm8731893418688218785	629
gm4749930366200719327	561
gm3900510741953609378	649
gm6436455080172033913	557
gm2255863484043682019	1122
gm6596998701761816202	550
gm773784573148468370	549
gm6300538937728600128	2279
gm958368036475344225	632
gm570437768992121408	2909
gm5756049281216045247	562
gm6741115145214022026	621
gm1028090163710149221	1744
gm6577067667979803459	1149
gm834535415485273104	556
gm2896287690298683567	569
gm6765822364406993173	604
gm2332463083173456682	571
gm5652426951798834438	1728
gm4985804027314531770	2825
gm8784944554497315930	586
gm3215398643519417828	582
gm2250353098275983285	592
gm6636528664472384792	567
gm3413099518981863669	588
gm2273062484138827758	2891
gm7308394477448285698	1168
gm8625148477621579267	583
gm2137959302531030291	564
gm4432873260078444336	601
gm9212982262580234380	603
gm2336539000526775556	613
gm8307292100618293301	2353
gm3314304070204181134	548
gm2280989407758984421	579
gm1374266445610143724	571
gm2178873383577695076	569
gm5791890322645884652	573
gm2461406080206614000	550
gm8548946694056760378	579
gm1415123055440374931	564
gm8919892884047371778	573
gm7412627252092027739	588
gm8267422330753691083	636
gm7733811280139866202	1125
gm4524730697832811205	1736
gm3115234337442146815	1867
gm8488378022127356755	529
gm1925785733476234210	564
gm5775154509681489113	1691
gm1522978310860165672	578
gm3406335291326501941	1141
gm6653412246412613717	580
gm1070564464680808882	1125
gm6437246176415111464	565
gm7787378857043609130	589
gm86706459572213446	1151
gm1494160741910140138	582
gm4940287605245256318	565
gm6748373395714489539	609
gm8006105116828012970	582
gm7868188044824623179	1171
gm8429587985778542995	610
gm2939816519576733226	596
gm1428564877341182117	528
gm1021470818387287461	592
gm2731048526552411587	628
gm4698635839211844918	602
gm5007609698742852447	562
gm8630070868961870921	567
gm622703489569901808	556
gm6536288434077418368	597
gm7665700297552615843	1197
gm4471463500456895826	589
gm5618824052497786225	559
gm2950399587706785268	568
gm617382134778325498	1138
gm3847239976225017117	1166
gm9080005453109554158	618
gm2489309669940432579	582
gm2640382657260714356	581
gm9219171716475628434	820
gm3843040184556438836	565
gm6023133585522224399	592
gm6748387397849966324	2948
gm346746810253113898	606
gm8586233800086098818	610
gm7621448162645969495	542
gm676780315036392550	554
gm3069791424287277435	578
gm3022876611452528132	616
gm8182982364400572203	538
gm5729318367904072724	532
gm225298490651930250	1762
gm3354874953631131491	585
gm6892901786706306970	1167
gm1976995650337683222	577
gm1199370194665186036	600
gm6656872422110933186	554
gm7719982503293413754	565
gm7870396942551586347	588
gm1887619028105109282	1137
gm3725286398933679698	559
gm8684642354862901026	553
gm6205039083376043884	536
gm8196073685659206111	1189
gm7058804531123348426	591
gm7978489922664994927	1147
gm1507481449275000720	516
gm1121695829452576327	584
gm822857673965084970	589
gm8365250798543801114	597
gm2995582950056710502	577
gm4152032050229881561	557
gm7362289342562226242	524
gm713281996843926231	588
gm6867817605813884857	597
gm5129191907969247727	579
gm7374171898760056666	580
gm4228210940290890374	582
gm8066101690060957164	562
gm383880628451574104	1108
gm2634575709916243944	570
gm9019013147049892245	605
gm6148087972007735782	1145
gm4674073505519369488	610
gm4077760858160293175	615
gm976754803671190864	551
gm8031622232586661028	2419
gm8637946665390213781	559
gm3379536370986965676	561
gm3251396208664681968	587
gm6151928292615565244	553
gm5756673676841968222	565
gm370159866665386280	1754
gm8060652307019497258	586
gm8328510165814390063	589
gm6323326521891933104	594
gm8750992320703200375	630
gm4660923724751834020	562
gm8319317737111267858	608
gm8102333369301213819	521
gm3851147557823803361	536
gm8725010848206776516	1158
gm4219421411307366975	1732
gm5278875689694140150	579
gm1970571870896961450	556
gm4795926885879412044	584
gm3636793597805474094	600
gm3842696878840851718	1139
gm6849495855558960940	533
gm3432826617576676681	558
gm2589117862348700295	619
gm5486507689427120543	585
gm4180597242438668537	569
gm7795934740094968585	560
gm8834057955888549090	584
gm4791932954496896368	571
gm8123097777006156295	580
gm3070294605319940795	556
gm3342169744091591224	591
gm1623212091356514704	552
gm1333899906355090992	569
gm3215124327110408946	580
gm5434636091334419077	572
gm1104205298976401609	581
gm4360182119997375445	612
gm177512327233075538	1146
gm1918805277371421935	587
gm5091001474196671779	589
gm9129317895976136072	1166
gm8229733220272170524	552
gm8364503758756074965	1150
gm3767421581923004044	565
gm3123828692898029767	582
gm8431725563116867226	581
gm4350543663201803322	2244
gm6909675366074646572	586
gm2667739851912626260	617
gm8383637247235399866	538
gm5454671582566741587	1706
gm7934928436031586311	581
gm6703503100681652394	564
gm3648652854211134286	589
gm7625085556112058823	601
gm3929815025044003090	582
gm2525628688602211813	1728
gm6625601484571237230	570
gm2173893755361534771	1123
gm4595186568241526651	2393
gm25181837670019651	1123
gm4339489750601861578	561
gm785163827937461164	527
gm3906833189795709537	556
gm1956056755820650098	572
gm6842204440052890129	3439
gm1033005358802808688	614
gm5145804605939560823	602
gm3166610082324690283	584
gm7559913906102044533	597
gm8446331124376354998	524
gm5941418582965876465	2907
gm8621772401201565416	538
gm3615512323164923965	559
gm5935816089831972480	596
gm6844590988378630572	598
gm3659456726082485486	604
gm6581190073052868119	543
gm5651611459762999932	561
gm5408341560652780911	585
gm4043228642215981620	1163
gm751872997956643152	1163
gm5873488297968883620	590
gm268810572426828618	3338
gm3619224160096997411	624
gm8268682242038385811	3003
gm108726730037222721	580
gm3213366815752995305	572
gm6834617554413067955	596
gm6485401478158859328	553
gm6487752633136804336	550
gm2264669010681257331	547
gm866457008105389420	580
gm131328013479571836	1187
gm5491430885008131903	529
gm4194222987650268173	583
gm3375381740025197964	608
gm1376107285014375351	2303
gm8752400546336702459	534
gm4447095409377846749	2385
gm2940701933434619880	538
gm171397536280338366	569
gm7290481458801943655	558
gm4035177113664070990	570
gm8792146878863692391	568
gm4854999166202456402	1192
gm6687276145868271706	579
gm1122719442344073014	586
gm1627054257039787331	539
gm7257632523967624781	600
gm3686643474437469015	591
gm340815447584839085	534
gm7769195461918093835	579
gm2660302877521344723	584
gm2308010889454371594	2980
gm680331699415611263	1125
gm5542542230244243513	580
gm2381564880797696055	564
gm3745184942684591214	1691
gm2847141183240952124	573
gm2454854328100811125	596
gm2717934577055845236	591
gm2398481799912145595	573
gm7291702966236629447	592
gm8543202813931785420	537
gm8979891698020205723	569
gm8232253394941642673	589
gm5328888176366920715	562
gm2006188358883691830	563
gm7785336269417737000	599
gm7091703055827491662	559
gm5662866066129705877	1160
gm128176617922882989	557
gm8593175111325730554	636
gm7322442623097574739	565
gm4772098855998546569	2339
gm3383771838732228360	554
gm8112500705961480383	568
gm2377159255790634937	577
gm6353716513194422314	586
gm3071506318133828178	523
gm4823449562138616790	539
gm6520912410840364512	553
gm510878478578072520	295
gm8769370902934395913	1716
gm7726685512732736058	605
gm3612163089577672604	591
gm3754672440021799973	600
gm6014913122567997220	563
gm1352533867421607236	548
gm7910710798158418131	603
gm4143506832591107559	1725
gm1276376181788626039	564
gm8418067438639577458	580
gm1675319047669500619	1731
gm8051751360393917452	538
gm6874358010604924703	1788
gm6703467635200385819	1819
gm3180275967027966876	578
gm7282191874358679478	2291
gm7563757008817242245	566
gm4203235992960593037	594
gm6290098705478975010	1173
gm1720579481829952268	1148
gm8399656984064908283	595
gm6432806645478439916	573
gm7876989928839900616	568
gm3898356583455609544	571
gm6186812481517957407	573
gm3046179215895677173	598
gm3994679647851598445	585
gm1135440007289147872	545
gm1794016486831377285	3347
gm9218595078891238940	598
gm1745470522890172185	571
gm8115624701029555159	1182
gm2854238801396468265	559
gm108962632301226304	573
gm4756792147223480271	553
gm5941966295375861929	584
gm2196207250168418017	582
gm3753590045019473715	565
gm1904295716257893962	1184
gm6061512373388668394	559
gm5169177195958338604	558
gm8645456571779815077	2339
gm4786829777496735080	570
gm5884949535973020034	622
gm249414153396585772	581
gm5818351767451470925	4013
gm1049107477402672854	580
gm419098290760891742	553
gm2997684866186245322	1192
gm2329253759610509832	585
gm1366750111688302916	560
gm4517260328350542878	1210
gm4460576491083950613	623
gm6515649680999936105	577
gm6050943259625481710	1762
gm6082057184071289279	592
gm5125409605175739505	3438
gm7286826224523050074	615
gm8505528038514623043	578
gm3126367887837054468	579
gm5027319336824226737	1194
gm6930792544428556771	567
gm4539865963822164993	550
gm1834097384796581850	557
gm8590571390133286867	563
gm4855117718995404087	1104
gm5896296470486437537	607
gm5024771751924776905	544
gm3899653507841991108	573
gm2698139148391443970	612
gm6824852984622145223	594
gm3217475596050001232	587
gm6770769583515416536	567
gm3415541208294104194	587
gm1495955805635215726	610
gm7648990533880341158	1145
gm8413044411376154302	587
gm2083581197866293253	588
gm7021998632483964194	635
gm4658206714686309064	567
gm6899538302037890649	581
gm3647682309781590540	561
gm5120930378573915066	572
gm7296640382125030135	589
gm4240535205350730044	563
gm1379314265244366025	547
gm4262326495763140317	1740
gm9156535072217684915	623
gm4058937124279714185	552
gm8771796577707049071	630
gm2088409289417109346	598
gm8941117790479065760	573
gm7451733708158410412	586
gm1715109176959061936	584
gm735997330623768685	593
gm8589761122793012000	585
gm4382230405200659	611
gm3454849852772143432	4017
gm1405540255006452325	567
gm7539931946848614175	578
gm176382614554461648	580
gm7643272094625343614	617
gm6920544055117626903	582
gm6313598872294296841	554
gm8803886116235528583	564
gm5964834807572339398	561
gm3297757835492950115	574
gm1136694806200742493	571
gm3103087020804565928	578
gm7301467192766515267	616
gm2539312391048146162	1676
gm53852648055682336	2395
gm5649130917929439383	1148
gm8730633981765643397	546
gm920600695969918103	1135
gm659811299131712290	2850
gm6034636516641496004	588
gm4140106101589687526	1161
gm5992345376492600521	560
gm1397519305783374400	586
gm4130096441093755139	559
gm5820599530421342361	572
gm1451783144561663138	602
gm3383287292655587923	1144
gm1696240034740828614	1159
gm3648733036505311530	2304
gm278679548832607861	582
gm2902320362303319213	594
gm4595752814541589965	1179
gm725400567376139733	606
gm2984757916722671763	516
gm4705930058283246778	2837
gm8255918318446523683	593
gm3130404549678742828	551
gm5714595467680415446	570
gm4185973943070307135	1801
gm5530248310390484486	604
gm8819709161293511699	1162
gm4771780596963566581	1147
gm1754646394175429347	2872
gm2173174419963943608	546
gm8862426995390270577	526
gm6980989293180117304	2385
gm1861342283410957142	1739
gm8389692839544237633	556
gm8629753962033872064	574
gm141836339415535625	1169
gm5681777036304044578	564
gm8084374632523494702	559
gm3942262791556414640	603
gm5955439962146625979	583
gm4486680017311563997	559
gm8338422947116056524	562
gm4722134594752967135	538
gm977676660413876548	1181
gm1611848890073401909	598
gm5402052695419371362	585
gm6169379307515339090	568
gm3503613287519526692	4037
gm6032565408748627608	607
gm4239410424364710650	603
gm2100169453793745595	550
gm7667714379137162558	593
gm5007424618912167501	1218
gm3042533385054835094	622
gm4924840253997417107	2811
gm3124005821921960103	565
gm3743473964969405915	513
gm6185027654977065748	587
gm7180295319814068200	564
gm1882028357532478330	606
gm4563320461892923830	543
gm1785837779869699866	614
gm7647779569992455316	2861
gm2328715159512504169	548
gm3944722458478225013	580
gm4032390291717271794	581
gm6721104021392676087	1699
gm6887148401821613421	573
gm3079214282277721152	1203
gm1084702191781338298	550
gm876905423869431125	600
gm5461742048710642216	592
gm8934536040774216067	580
gm1267217555967896583	617
gm7971042012991407964	1757
gm4090229467435401045	1141
gm39586439874392480	566
gm8391511335692758408	535
gm5825994632547125778	2307
gm8144270319614268328	546
gm6169777186923503806	590
gm6835701110128859607	528
gm784772967364691648	611
gm2455589128250248035	572
gm1685169891194438170	591
gm5926070077786561499	2364
gm5230335915161347857	577
gm8648729077718063773	575
gm466094303029106698	558
gm9018577070447938101	609
gm4523946758174225111	1177
gm5498023280615934857	592
gm366434822019081514	578
gm6866002817048406111	498
gm7695606133003064101	569
gm3455009453593429420	579
gm8179546007446341741	582
gm5525547102594777170	559
gm3290912500070483193	603
gm4310731064568934491	567
gm5511118817198032709	548
gm1519718365921933179	611
gm7930009379088922880	600
gm3255257332612623395	1175
gm2384312748042182637	1725
gm233776060616990823	574
gm6611194362856980292	552
gm5541362183008627416	3487
gm5441557796134786288	606
gm1622764709264267675	1199
gm2252591694427851212	571
gm1487719712970235475	2871
gm5714610240004423658	555
gm1518091043346916057	1165
gm4042421878950285381	567
gm8360675354249072396	560
gm8963050534343503530	563
gm6368110858055044679	564
gm730286999820597636	599
gm1238828450497208650	598
gm5842492165182306953	561
gm4224741321692709720	584
gm1687796115338039481	563
gm8872114736084406013	585
gm1233506552082493466	565
gm4742170806370288183	261
gm2100086869646432380	1108
gm874355757584470851	599
gm7569649012135003249	1140
gm1538837994226083620	613
gm246070991916400120	591
gm5683411361592793623	611
gm2887411325817510732	561
gm8320562043456519806	608
gm2483290095762254690	1163
gm8718254102119343212	557
gm7007436511085088565	595
gm4011055508041331290	580
gm7141559024441831802	1700
gm4161326416089285093	626
gm2890904631706483777	601
gm4612652814067797153	583
gm5120666596540928538	596
gm6475398382212153200	588
gm1673470689375845724	550
gm7016399115322338343	597
gm2966416614794742455	1169
gm8847053419360070269	1168
gm5686860420544400797	579
gm5940205634472292726	597
gm1604539369994643774	550
gm4729441227985555403	1132
gm6821083397301248453	581
gm5121996885734771450	565
gm7259685315216163918	1220
gm3942024219615794365	1787
gm1724753733424885353	551
gm1465954742659533411	604
gm6713658594702476524	560
gm6349787957440592003	551
gm790133341481458081	568
gm4763136303033443181	596
gm5064233642672680926	551
gm4428270416177676159	518
gm5951831160124008926	562
gm1378736192011095641	585
gm6582470009868234468	579
gm450032062441391105	1741
gm6580774920271842480	560
gm3365632263077538616	1169
gm1563348701262985246	558
gm411849091483390780	2319
gm7541912309922668753	591
gm9167775516494751283	586
gm2177686235849900335	1740
gm8702386992951862728	552
gm5397766266907258000	553
gm8177349777031158485	626
gm1457954535451549580	586
gm6574988794292083939	2268
gm137982697831887673	569
gm2073574754567267226	607
gm6269394217487199721	1775
gm1156970594801850639	609
gm819183813349101651	629
gm2866815254913151434	589
gm1254535702842217022	594
gm5468517366907867897	568
gm3829813367576041451	1759
gm6033761124512449512	2352
gm4384552338720431734	558
gm6288093249689114300	552
gm7246004951879985761	566
gm2572651999678255654	596
gm559264317826859251	584
gm1313683663043539923	4052
gm4542905854672082072	1184
gm9143795770024919641	581
gm5758943163914024063	559
gm1330880634189830062	558
gm4110630059951538365	580
gm8253005797666409826	560
gm7178651489000108396	588
gm3389081248362598809	612
gm2540070569951984004	580
gm7958004436017076180	575
gm1609372943396267343	536
gm3724401036069113689	566
gm8754315192374973616	602
gm6353594890051271490	592
gm3811758630180377937	597
gm6122993835359909455	587
gm8585534025807061221	2335
gm2580634860004194915	553
gm23616030127589279	600
gm4315184192551310018	576
gm9011060908558190129	563
gm4275748227367159993	554
gm6596048194164891271	547
gm6383323142087024306	1168
gm8636485274189522471	561
gm858244498509988269	593
gm6513009620701879897	604
gm8477322909033451297	1107
gm5897954173488481875	584
gm3731742811340249344	596
gm4255051792150616726	589
gm7836562833843120531	570
gm183505067912205098	574
gm650398136844783626	582
gm5961731704004626938	1169
gm7545595730908743696	564
gm5564398494445111340	597
gm6239022552311299548	537
gm2182818292055256661	562
gm1504059244259953023	590
gm7834953035705795388	1630
gm8230548194693637113	585
gm1692268836772715911	592
gm5423205018764133134	2288
gm8510953098377356153	573
gm4210713003637397690	586
gm4354919982391601686	597
gm7129368285148397601	583
gm5899005391235545752	556
gm3478749104847472195	3435
gm4298467986111684175	592
gm171776761268337547	1181
gm8927506997324964521	561
gm7476468751461198044	1160
gm40802458731139999	625
gm430625267125523557	1219
gm375744391335525928	1191
gm4310537413055710577	549
gm8127928259652816911	584
gm2375614865857915090	1116
gm3921536314948320125	613
gm4526400920414440774	591
gm5779311643730748691	606
gm3503346643527425443	580
gm5397629107598551455	1167
gm9045067816043772036	582
gm5121732207572916663	567
gm2453938572761039901	586
gm6662304303693531981	561
gm3804179014179655035	2334
gm5686082625260879514	1109
gm7630812029266478349	605
gm2493760624329456659	1831
gm7697991398757169510	2349
gm8495671862799126326	582
gm6399237827396863026	623
gm2274220927666477260	588
gm2283117242247618644	573
gm3001553494627461465	578
gm6245289297773218402	1189
gm1720000977213114792	552
gm7013524062831966619	577
gm9070982863942473678	1681
gm6746551685796881841	558
gm9141180169860399777	578
gm2844930090419349803	603
gm5235615900545324206	2288
gm506739352692623604	1173
gm1223212281411388924	5848
gm2433911531935657709	579
gm6932428698187563690	547
gm252955107342369341	594
gm7258803904286801783	580
gm7090738229451249658	557
gm6511656308447442366	551
gm3669502728678685108	566
gm1637131824602348988	569
gm6413895651220350741	602
gm7363830135554275712	2293
gm6520568778956567166	2326
gm1151792428554031092	559
gm3570776489766533140	642
gm8434417633508139045	593
gm1676290932164071661	577
gm2227361186399915151	1137
gm3388702705533183106	554
gm8505708330741415555	586
gm5550447308788745055	596
gm746847475479322439	561
gm8608439936895170422	534
gm2181676212230357236	546
gm2904986501418636236	631
gm757926788950729982	563
gm7329023603689508457	568
gm3628592580267243100	568
gm1720100620932157548	547
gm4037380013207596882	538
gm7844717441055527753	593
gm7590419268726467678	598
gm839194374364711226	574
gm1520206886105694559	557
gm7846618441173844423	1771
gm8628271385466923006	555
gm4206225424174184821	2335
gm2080929334419990352	1164
gm8822017585152840303	537
gm8594801057886649003	574
gm5659730343402893592	1158
gm4472420958852407734	571
gm4464613005451776084	573
gm3252247222793645224	576
gm6487643758770041947	607
gm8090110740872076212	547
gm735883101207539895	550
gm4955609366262604415	1121
gm6192317578665147309	560
gm3896490297754021627	541
gm5075080704049374286	575
gm9219491977944713589	549
gm5681808043578516649	571
gm8255539007571738634	567
gm7995384026069285476	607
gm4248450290894170934	1189
gm1432115209104354658	591
gm2098759708202581147	1198
gm6242864824834921039	579
gm235597104449641680	545
gm4294981651801423497	535
gm7120736318418161511	1191
gm2909072860776246470	599
gm8916643576810690032	577
gm2864597803903653649	596
gm1560450543736618514	568
gm5081875400577112379	517
gm2979054998130307107	1688
gm3581353701727790473	563
gm556103332281472374	561
gm1109733694446786549	1689
gm8471632504886527333	610
gm2022460536033393600	1091
gm914169375456400479	593
gm367264085191216517	558
gm7312975259696024497	595
gm340719800305222768	571
gm3766288241411158823	590
gm3440560222300226647	587
gm7928699712657822402	566
gm5346495779267194770	1179
gm6174068060842034596	604
gm3561523706645102810	582
gm1908596685668293723	2325
gm7369084147085064262	591
gm7390149494389634792	564
gm9017507066817367568	579
gm7625501191126425857	590
gm8672801565636949903	2402
gm6169578504757193392	612
gm751613233205103048	597
gm5454893991576800738	543
gm2481454292141379487	587
gm8170087708784858814	1139
gm4753277661146604545	552
gm4427576410441894492	585
gm1557527437391477498	610
gm7434357957736490323	590
gm3820479795803092694	1164
gm7810118857495775536	533
gm4791181706310983440	574
gm6437416434271685360	586
gm8701471221700104295	564
gm1675301334641431689	524
gm7201023505655277207	1725
gm668084608013850131	1094
gm4772205077031122114	2306
gm1641970271791817693	577
gm8455360916536926542	584
gm1575628060812815361	1115
gm7335045264794117547	574
gm8448477474416283322	1711
gm519988757239577141	577
gm5681235191237416280	1741
gm3398655867620114231	623
gm4471486731730938122	522
gm4100667959707024465	561
gm7065241801216841144	594
gm7348255769606258461	601
gm4522259776879807102	2337
gm7200828545874664001	602
gm277124447196397634	2847
gm2798519838437611550	573
gm4298437385146064760	1122
gm9156571855956542722	550
gm4258091427113151873	569
gm1469660660710283741	560
gm4816789356294754123	555
gm4856065271142159887	601
gm801586793609395646	1138
gm1668950503038445937	569
gm1410917789106403014	1161
gm8405824086393381006	1686
gm9220087286451776505	618
gm3792690354239815928	2324
gm5410111130293461098	592
gm1175871186786786992	624
gm2270725669277497000	1151
gm7248938207914931285	552
gm5210417573753225988	564
gm8581641101733301224	1179
gm4234018732386269453	536
gm4224931344919024406	605
gm4501213098728215413	592
gm9171168885722112461	600
gm76499650037359816	591
gm7367808618898696392	571
gm4313844885793163870	558
gm6755578011160280222	571
gm5028325677336735685	568
gm7400910695173440378	588
gm7656626216533256979	584
gm9044696510556573429	571
gm5164500282244768366	574
gm6668334683324819377	3473
gm954287027204590170	577
gm3270388689876285624	613
gm9159683633027052083	584
gm3705262536283117896	552
gm1112302092597156335	565
gm6545952108339168896	567
gm8367455525830729398	2895
gm1857950165301032926	1201
gm7471261725495684859	598
gm3383212160767111060	573
gm1220051126733797627	1763
gm8623426779809848512	539
gm7794994657006843238	549
gm2365117949437825321	604
gm1542196594366876420	613
gm6393901809939363399	1132
gm6768708311106828785	1123
gm7434409913153831593	556
gm7171455763608854715	550
gm4503883460931874787	554
gm6842117521451566308	592
gm3616484938391906900	591
gm6302696896080641446	611
gm6796057978892840774	576
gm1472367059386179558	3980
gm7429194892023178810	592
gm6711681010981568435	2863
gm5232606449234459881	563
gm2164514712800453078	625
gm5376834230888616372	3416
gm6835429732054499472	592
gm3554441185758343845	586
gm6596321997165187022	579
gm8700464080729799111	565
gm1772232813650028448	1139
gm4601676451247744308	559
gm7539171623215885053	1660
gm5561341494656838166	567
gm5582112256886082343	615
gm2599049554444854314	1140
gm6924198176130797380	583
gm4778032395327602544	1142
gm1050740802971542682	1152
gm6516636831873550384	3446
gm1048260024434941497	551
gm1801011692345272076	582
gm8247657033595963764	576
gm8590023168074055657	593
gm8438242394329499019	1675
gm5773787972741290589	551
gm2084140268240587311	561
gm8314964160338279604	579
gm2759310599850935135	556
gm9170998311308933137	575
gm9041359744229069195	561
gm2014604220881110285	590
gm7774167356736838802	610
gm415503013591234940	1101
gm4884791549351105930	554
gm8749680448539659663	578
gm1763395367626196268	576
gm1219280913127874358	5773
gm6253337076742282616	596
gm3862102805253469150	580
gm1252026811913789412	584
gm1458922427394098703	599
gm108700454474689092	590
gm8073083382749971920	1787
gm5730905763924666056	604
gm6948679969128299429	570
gm1308343459693291015	587
gm2956317086572767552	592
gm2688340721368840496	551
gm4427228422782485867	541
gm2188851876343761110	590
gm7705485842325875695	579
gm2210318811680588787	2857
gm5009123796550552546	2872
gm8268011160571727501	598
gm2892572687334732167	555
gm8794377189707241196	558
gm6251802022856069494	620
gm1367450555510097787	552
gm6946386063275950080	609
gm4737618221455369891	593
gm5247564910562711071	592
gm3697301727058588340	1111
gm2140436132599317280	599
gm1264018626461410065	592
gm5360383876447177420	576
gm6074593702352099101	1769
gm3471735984676384185	587
gm6185095975050427420	529
gm3010522477406576168	550
gm5059896198785510388	586
gm1313504263761712871	626
gm1848232580645921123	568
gm6923135858612943238	593
gm1248885147423209933	2930
gm1102772783959778464	1658
gm335733110031432619	540
gm349949834073290789	581
gm774839554519844819	1720
gm1141590739272994221	602
gm1032695173979039648	605
gm3107720039943043121	1139
gm7184046140996368134	611
gm6147177496835069480	558
gm499509602990083845	572
gm6234464713670568641	560
gm4625704943247466166	610
gm2688594627982429610	569
gm2510926189717407859	554
gm4767978927239481969	558
gm8646899678240850295	1169
gm2224326975968662173	565
gm7286676619169739827	1723
gm1087843017649920177	585
gm4243949700210093641	553
gm5341149506687313733	554
gm1898437397617250751	2852
gm8753332557334205542	599
gm2687316035086228901	2404
gm3833766650138256564	557
gm7252432699628869512	1706
gm4091646463724143522	550
gm4422615952729543308	556
gm2134879732093255205	563
gm4992082946842141226	565
gm8262551440751224496	596
gm3397832778037566317	572
gm3693952913215222208	589
gm7919030945803835054	1728
gm6096940044056515448	578
gm3367525078105961173	578
gm8558934298672844329	609
gm2303100563535577989	566
gm6282683292852794773	556
gm8616605204941640454	566
gm1846386494544469700	551
gm5336708163279896208	600
gm6413874719347357988	599
gm7552466602092748183	581
gm1365324483746064850	1140
gm2644350617527245894	563
gm4690403224275522710	538
gm4331629718712552445	555
gm2464128462272090808	601
gm4677888912108267619	587
gm2053077597829306532	589
gm3958574272042770271	600
gm3108660473555384775	562
gm4241625144876691664	532
gm3944683376790740670	557
gm4012662127014787687	1170
gm4451962371078122313	3498
gm5756866624193442325	596
gm9213874242633719718	2283
gm4807634680084972202	566
gm4005901814631820776	625
gm3630690503331720798	567
gm5051209755278439487	1233
gm1387367037221695667	558
gm4966781670549949854	2257
gm3609989362580851229	599
gm8108084612345620310	566
gm2630628372336691486	564
gm5862037594989880822	577
gm7469484493467483742	617
gm7558150954415926164	560
gm8396094844794627440	604
gm3397601343416208599	600
gm4613020275412459156	582
gm6896789872675303877	2247
gm6573270622527556769	568
gm8899973299994321741	584
gm4166375800824900322	615
gm5143312501082725235	559
gm1426078675082453694	566
gm4943003805847107541	609
gm4913681506802181649	632
gm2808310692718792665	1730
gm3907335076600538710	2328
gm4181466783064697963	628
gm2753836334161061697	590
gm3531758381389150614	558
gm114651707721887424	590
gm6976365865493039619	585
gm5858423799278582430	3376
gm6657990122603839124	578
gm4173492402457636484	1676
gm4178490603382908962	596
gm1914306208263342437	551
gm3716698729787809149	569
gm2494147209183289347	552
gm8294503574516169202	611
gm182297642916346305	603
gm4843745739793211398	4620
gm8529139784659732441	1120
gm7860280971644899108	572
gm4814680712832163397	610
gm409386335583556112	569
gm675126519926940823	583
gm662808639906008546	600
gm2788276190964167514	2232
gm7898759281303351532	563
gm8100927175907300016	585
gm481661429977690366	582
gm3185602645957563843	580
gm8228363613947582487	566
gm7323762883585700402	581
gm1696287759180426243	1137
gm3216410286331014444	594
gm1958120977513665063	569
gm2815451916450741788	1175
gm7400682099001225797	538
gm2383790074140697018	542
gm4142094167977841659	580
gm4696579813727073591	1150
gm6537763233317982973	559
gm5300285878131409176	561
gm8721213686669000251	558
gm5075613259314648673	585
gm7285755243191593819	559
gm2637661848651513548	562
gm4411124065935936092	1146
gm5750570195402337967	606
gm2863933626378501277	584
gm2614435746897348051	592
gm4450201729608441408	581
gm5668382236523666893	584
gm7794224695588998331	1693
gm1244207078990955001	555
gm678707613379117869	612
gm3760575989127547240	2393
gm6207125990262591828	587
gm2548866416692259250	613
gm7113002773481440767	1736
gm5388166085446697092	565
gm2497830436679496140	576
gm4346547922350472710	577
gm15024951072926803	2279
gm8872002050845397015	625
gm4930316918334381543	559
gm2316798591982803190	1180
gm5314788188738618475	520
gm4269659296447890097	560
gm5791929857360019163	573
gm7398119630387943014	604
gm1924191197079141817	618
gm1678335293084124966	544
gm8751526102713925719	554
gm1654714510011020205	566
gm162302333315012294	555
gm5002636966399938884	1696
gm7945187752425154358	597
gm1666624642113342939	581
gm6397523526889978475	568
gm9179769818151785211	586
gm3171018342868480743	556
gm259154092456438580	541
gm4849563599508292402	1176
gm1616318211795632885	596
gm6573672322356950383	572
gm8398777990606090676	579
gm903770889655045816	596
gm7067320196657562252	588
gm5923442168573127726	1073
gm1104195325709440969	2832
gm2315171198201563029	566
gm5323005787384525456	1163
gm2313446734025406318	578
gm1088236882992601472	592
gm8440677095723505293	563
gm8634659418574530311	1163
gm3258500712163573559	593
gm7560749008870369996	1139
gm8070133160608407137	573
gm1997211797694222946	553
gm5773106949160699396	1175
gm4972060089456129217	582
gm5980186768370780995	595
gm358223908370334897	596
gm6206520380712210591	585
gm1829381062266529804	589
gm1905633687159197676	597
gm4825000088047466963	563
gm9151201798268016983	578
gm1765902337297133315	570
gm2530523618633488657	594
gm1495526889468780458	1721
gm4746394458856874114	577
gm2627539991700387981	616
gm2327358908689272669	545
gm8044183518390771703	567
gm4015166147683546142	580
gm1201904113134666045	608
gm7382920651251124229	1155
gm205494602592828201	632
gm4892458637536595038	594
gm5865856879581290754	590
gm1111836204770321871	560
gm7974684336422189538	541
gm1849459471469664503	583
gm1023935055157613575	546
gm527104295483343568	609
gm5805124928745604767	613
gm6688762110775122252	579
gm1142246856135688843	569
gm1123243357507054453	561
gm5216640076479401474	561
gm875136225992074270	552
gm4425648689313439563	1142
gm3339807861110848595	1217
gm558809917550120871	532
gm7047899731398489350	2345
gm1038581262925264017	594
gm4640052500540003565	576
gm980247805369155527	564
gm4582256803374333743	563
gm143485989383105649	578
gm1125126887350005030	595
gm7330664627593186299	569
gm6389199692518758225	535
gm6916305825971267300	562
gm6069320421170690213	567
gm7175518332959880376	582
gm9021366481636699662	507
gm6243222998279780769	561
gm4469738799047932449	578
gm5268549197869186535	606
gm8933279806734324135	1146
gm8083977033975614601	611
gm5499915752118790341	587
gm1718791346965933956	1184
gm309733889243048168	589
gm7711424493670013747	1225
gm3960847127941941284	574
gm7332008190192879092	557
gm8746815164804249399	579
gm6391063645551829887	1171
gm3348697852757074287	553
gm4900260139211699151	601
gm6108802843581447891	567
gm118141222347435447	608
gm446512531643863988	574
gm2615205603064541490	589
gm4132730892097580739	546
gm7809433633334058819	1178
gm4770730899383495622	2262
gm3588346913601502549	2307
gm7494737477594384546	588
gm4920914741533463903	578
gm7762000931997623550	5221
gm1563141389201349412	576
gm593199577948479401	575
gm5524299574278242234	1723
gm7314531985827197722	3483
gm6019751670097877050	569
gm3587543589852946026	1701
gm3209795809106970338	577
gm5287886023099083360	568
gm2333750553476836180	558
gm9022975681547984208	1190
gm6779460678363770850	560
gm8469604019255577048	598
gm508245962844039637	551
gm6566432510511002673	540
gm6407494993650140334	525
gm1021672709125433190	561
gm416585037512110677	2332
gm943570360551124152	589
gm3304612888050136124	527
gm3649020974045737630	580
gm3078433315570394105	569
gm3694262505081333609	1088
gm4620417658765746104	602
gm6743113063674031097	1177
gm2677843655452895951	551
gm4241195747588425907	581
gm1744817233385742690	597
gm1688970435516651305	580
gm8320347925110389421	602
gm5265518870105239830	568
gm998269962137370699	1108
gm3380020308825413326	1130
gm8704946135270772959	577
gm2318817769310255312	576
gm8560549027399880663	584
gm8238511762260757246	611
gm3355128704689810208	575
gm8411473867507572836	1740
gm7484394662458034534	527
gm833247912199075030	1101
gm457838943150973524	554
gm3342998385528927271	1758
gm2998146079163397963	666
gm7615623309675913828	1101
gm1687174286239150003	1724
gm1590966982688576186	548
gm1153089598329531766	580
gm7886247873368676260	562
gm890685190298594012	2290
gm8194899298360003073	562
gm6051789588453407554	581
gm2699528981109421365	558
gm7580872628192406668	544
gm1758896437485216383	569
gm3630854445073318792	1754
gm6820681252343098297	1168
gm7194879713725589827	580
gm4814542421896142411	2919
gm5068100315868894406	580
gm1473799416991788720	3444
gm97474159154473659	546
gm8327079995890261193	582
gm3925186511823868762	1731
gm6477047716595608178	578
gm2748184324610270698	1180
gm795592627656354230	579
gm3681602424789690546	546
gm8548278323232249702	581
gm5567442755508229547	611
gm8162183015745830843	558
gm5145924129954492803	532
gm7684711430362213038	547
gm4683849241991774076	575
gm5839315930151440284	532
gm3584079998857759165	586
gm1677804805166280934	583
gm702132359342570222	593
gm5097365391103574851	1740
gm515959524669540147	570
gm4841852264285038626	616
gm629942084478213496	624
gm3578947065264957796	588
gm671293561809561451	2312
gm3835363347357432371	578
gm1944160500077004395	553
gm7822129983245312256	1157
gm8353328982456029373	1114
gm4112909610097615452	537
gm9204527723230257219	1705
gm6858477784352800158	562
gm2708425259108745103	611
gm6350815052675311444	1164
gm2559179545888246124	603
gm5921032903012203835	622
gm7021405342093253587	4061
gm8520475134616320122	606
gm2954628895579036402	1724
gm9061747433383562685	590
gm6557697506402951337	554
gm6149254412668251593	571
gm2774288477022398077	1138
gm3691744962664380408	570
gm5714199207428534499	1165
gm8200082865315342860	637
gm6011054946988136621	553
gm4495089918301379641	1765
gm4660723873135728897	550
gm1081798834608805032	590
gm3449836451486128044	565
gm7770710742884426401	576
gm4356772954419090453	585
gm5673123036922760231	585
gm627200566034344973	593
gm490769521430131919	575
gm1051349815468495828	553
gm3659759528654267968	564
gm4204631308496475263	515
gm6347853613610253819	580
gm6255743024817242409	606
gm2103171909993479205	1129
gm3882085272527950797	562
gm3628771319559153229	2342
gm874484144091542131	596
gm2949126387899572139	590
gm8085402813965194367	1096
gm3988670266343909743	1166
gm2369787807618131063	568
gm2320505986644953608	2312
gm2193190268642831505	551
gm132433456847559773	564
gm3150531723124796559	582
gm565668255312247701	552
gm8168586164015018849	558
gm4727796055444079544	585
gm4023002584132595233	562
gm1400053481021324971	547
gm6858484993300908715	1113
gm6835585185085013584	1724
gm5843006499308961987	600
gm4487322905051820370	559
gm5540673041843326892	2261
gm5382057547711163727	572
gm245788456450209895	1710
gm5767203714291343560	543
gm4916012091714673819	595
gm7968596666354399154	2280
gm5148149468887288008	557
gm1582087327569656238	584
gm9102707659549679391	551
gm4734367805807358422	574
gm2776161240402867565	562
gm4136109547221533324	607
gm3794365031482722235	580
gm927945150806239962	593
gm5826780374054616610	560
gm740560793744368203	634
gm2036000860430025863	1170
gm5479339608567607572	569
gm5258598600413973840	1163
gm6809066815678326401	629
gm1985799046286558748	568
gm6967565984613867390	586
gm2406234202707575986	4558
gm7803899612907876827	536
gm4848834988506848283	553
gm8157932812572645033	547
gm9085899914097553707	1693
gm1032012854667955802	566
gm4201440761169590951	582
gm5454682348070005588	1220
gm6385967905180910975	579
gm7113280810644301910	1151
gm4011199848193318780	549
gm673398644095540170	603
gm1988919826549806059	532
gm3667133331522690741	586
gm6990079726995102616	614
gm4656464470352713736	582
gm342702824459008790	1152
gm4851542481076686960	568
gm7785208815095235914	604
gm7775899173489265311	3389
gm8791698525782015727	524
gm7010039167073738593	582
gm1834691616817910014	568
gm2061847392464333234	3987
gm3737708328065508478	583
gm2995702297666311223	584
gm4023563134474398461	589
gm3449710909151381902	565
gm7877359295707141274	603
gm5485793145080205340	562
gm7511656367272019758	575
gm191093374074819669	582
gm1253922037147789973	533
gm1996482101463949349	3607
gm4248742217248348269	579
gm9132456931874769380	567
gm6729394279998695480	602
gm239932389274929495	581
gm295207983399167842	1099
gm8387023872286126148	595
gm381019147530744406	579
gm6423824448915445826	584
gm5213543606657662578	582
gm3754127560842437950	586
gm1784324031986355327	564
gm1024111264049093872	535
gm6387081617102586680	1128
gm8254981414425855921	577
gm5359220967419008256	556
gm8460476485445512784	585
gm2960776479201530092	585
gm3677164508415719046	607
gm4991243337102716184	602
gm1957746958844954161	616
gm957302304359731188	537
gm4592707694144559179	583
gm159626602533399918	1147
gm7359459527533243499	598
gm7692907548223194212	1724
gm1711604952066894245	579
gm1349016466157340512	580
gm7858076281016666576	624
gm7331761077391150086	551
gm7102811710777080038	579
gm6702337340530401450	598
gm7463016216639853304	1085
gm5552573663070373834	570
gm5958932353555724297	571
gm7782943002965661609	569
gm5535294231932646777	1202
gm5019094986873618364	1144
gm5471351285759386502	548
gm368103284599504789	599
gm8402820537171785895	609
gm6537767091304474765	563
gm2842340523408345884	583
gm7526348281282541254	604
gm3551742187754811062	544
gm7688314026282548748	571
gm3834426639360400005	1223
gm802281978179416068	1131
gm2843497484115294329	1160
gm1584869431661296163	542
gm7406331983173568466	574
gm833153659375734301	535
gm595098654130272688	562
gm7432446055066163217	1163
gm5936082952088020418	541
gm3732405392499652278	577
gm104187123491263098	552
gm46179879738003723	1141
gm8892904709057832860	567
gm3422740373385030971	557
gm7358746424483261348	587
gm1339144088363153536	556
gm603538919077911417	593
gm8973946801770776667	1150
gm8854455553700051520	572
gm6677420326850106135	582
gm316815635460242471	575
gm4267203735703832501	604
gm7869300689813960820	1679
gm6170704966847162318	577
gm7989394737567210638	624
gm7884741887269815881	578
gm8222160169571035407	519
gm2590141613966741017	577
gm925702405731766739	1729
gm2248550219738103405	606
gm7159149948680111422	596
gm3384235533310417422	590
gm2355837095961263453	565
gm4322485899753090810	585
gm2021811062089339207	599
gm593583665299734397	569
gm7445149761059418319	580
gm7922970033599188061	629
gm4504196386680078634	569
gm2159912172367966794	1706
gm7342874493708665506	1182
gm5648435760752567777	1183
gm11895005117737648	568
gm3125973831672489907	551
gm5861888761895910231	597
gm9190049275829483885	2306
gm8783022092241543667	1714
gm7259134935745961450	1099
gm696524204385704448	1714
gm1387218903086049451	578
gm8911025949465563203	570
gm4387189126327375962	1127
gm4770161796300554003	2206
gm8947337676936266886	567
gm5978936612851438334	583
gm9029298270907698574	3556
gm7999202299638999754	584
gm3196328156905064165	593
gm7823541602162861709	588
gm9058116317753012603	1827
gm8316784663643176813	1137
gm9221022350582342424	567
gm48116884827421700	1228
gm2957459669150275682	560
gm424884720425350333	575
gm660599480343606902	632
gm4499503847953453323	1183
gm2202240512945993132	605
gm956116027241113126	1769
gm1175691787126449177	554
gm3330276843365938942	599
gm8543468307324439797	574
gm1759410752410064438	567
gm1952380596746578323	619
gm8988417287420976494	1662
gm7525125968812628389	574
gm4412861577369374740	575
gm5149012179759024173	595
gm5965463380446652649	2338
gm556995146891767284	558
gm9034500111791008997	604
gm4976867111162951457	552
gm5946447702657900032	1136
gm2254237540212345982	560
gm2743847128234678838	573
gm7233649003298968717	519
gm3385285553942415026	582
gm8086635652091877938	572
gm5257815475564284845	616
gm9096559949903145571	576
gm5007941401111894915	585
gm3315993306398916721	551
gm8579892121436125172	524
gm6068968524228432977	503
gm5645746052135448382	563
gm2183187803797321022	603
gm3882553121620978473	2932
gm1632638690617915551	597
gm6887814992689302957	556
gm535739716869939760	1725
gm453955554302566587	1693
gm2119434355428070679	574
gm7825201612453189070	543
gm1453439524051859496	576
gm3947985480634667314	4068
gm2139507293908720460	2369
gm4503197797448251347	634
gm2071913868409053396	554
gm3484420748007252476	572
gm9131881052847323067	565
gm857488588952801565	548
gm8198267338356955017	592
gm4767996398374611168	555
gm6211817796648882404	633
gm7787000800063389897	573
gm892948698931422030	1123
gm3193834921426426552	544
gm217967728763805555	1123
gm8282343350146990151	589
gm8964642265404317717	1755
gm569209083575622888	592
gm8783559568724410085	574
gm4829882955916773824	577
gm2719590483910828182	557
gm898067956768579225	565
gm993196327727706958	592
gm2842161929121405158	570
gm615087934468934357	570
gm5745452683601169525	620
gm2524094707461205971	552
gm7905674852422869730	628
gm7642457981384232410	530
gm2201633713564832689	1180
gm3456682388840422340	564
gm7727074683091008384	524
gm1696808830095170372	605
gm6301648290189047186	579
gm8208674628203805974	579
gm3902634756995853239	567
gm5579843792499203957	612
gm6795012907983018416	552
gm4217140822455982344	569
gm5543524472919695556	597
gm4295033134237242228	580
gm6047087785254192524	523
gm1147163782289045751	555
gm4740270763569639528	567
gm7307151830828066471	561
gm6827129233566130876	603
gm4083640642495902562	551
gm6992365572054284041	572
gm904986243806930136	592
gm8009277405359011398	585
gm1562529582824250468	575
gm4420714807271692929	570
gm3731190674709105606	634
gm5082360734552456596	547
gm5633684757461376673	542
gm3517365937732815247	1145
gm6857152566090625204	549
gm2709743382655078545	602
gm3351180093132207055	584
gm930343724122758683	578
gm291639303072042248	580
gm4970081182343622366	557
gm4292469242830033799	617
gm6757930769830173329	1155
gm8276018978422567690	557
gm7828121187300200976	572
gm111937661367340580	609
gm3251815525731092335	1158
gm4634543914745920870	597
gm3398075783311308520	596
gm2243777919759610489	2289
gm5709613917161834371	593
gm6596619833613193043	625
gm213460529233671396	573
gm7061044376568485549	572
gm3348566851707092532	572
gm2573536302514177541	555
gm624911724370693699	583
gm2650080914589054905	598
gm7914059607422184798	589
gm7246450659669161939	586
gm6327866859114884006	610
gm8259981007024837360	1140
gm4068238447532673485	548
gm6846159719927313349	578
gm1201469688056694864	557
gm5079224685525331628	605
gm5007569495800815425	560
gm8287817665416667708	595
gm3436511697853446481	622
gm99529039493633470	565
gm738367438396683892	557
gm6989665941596885863	586
gm253666239953707964	604
gm1079079497149266879	1130
gm711904803326385530	560
gm239059495273969527	582
gm1400286454467049498	583
gm3297413438904911721	2299
gm8759089201617450039	591
gm1745703044731828713	626
gm5264347680196515103	578
gm6364897994319469707	553
gm3271741792311301348	614
gm2812859127667166694	551
gm1079034835317510821	588
gm767466055134308153	560
gm5463091041040193340	1777
gm1721896193123575173	536
gm5080312468904311696	609
gm4004187731652110243	1210
gm260078625728726506	552
gm2923008215260967548	1675
gm5840915545180059702	547
gm8749360824096665017	589
gm8863780435045101354	1184
gm3562070784139349534	565
gm3976680376467728384	627
gm183235705032547514	571
gm1830269077330192182	597
gm5324647957976951156	589
gm1973735681705939583	589
gm7040305298035129974	528
gm3656046794217910922	565
gm2315050005030843069	550
gm3978950380383649074	592
gm5521042718758484544	568
gm5293187396896521459	588
gm4602985677243687992	2320
gm4814769461919077002	1164
gm646242621452924265	1093
gm8966131495513876161	621
gm3507788141624531172	555
gm3445373121949203467	536
gm4972657900776452870	580
gm4276881755728934966	619
gm319127928596951576	599
gm873744163362280544	603
gm899397244042249263	613
gm3282309282554971042	581
gm3941558073160723830	589
gm2223787249583960384	1127
gm1223894462305321653	607
gm7393382332456554753	616
gm5835394123819879353	583
gm8087057977961353379	544
gm1657738758328590879	1166
gm1760014715971250879	597
gm8032430158618857581	573
gm7514401819444422593	1132
gm1532491634195424153	1768
gm8254456483183799727	605
gm3946544751592995759	594
gm1211307177624101598	533
gm6022853036313897353	575
gm1215392055945803805	594
gm437273893915231012	630
gm752795853141697787	616
gm2202444024563631509	617
gm1635742966158088979	543
gm238887225538787755	588
gm1254884873418682450	624
gm2991444459337456695	508
gm7847241699880432999	547
gm3307423256551249537	575
gm7461411775530104142	3408
gm74497817019580429	1116
gm440250997274183594	605
gm464827779685914582	556
gm1038912116183173693	599
gm2438673554925073869	546
gm3426472852593857701	557
gm3823718428360207816	610
gm7154072928720186770	3377
gm50520207351009373	592
gm2752612205427482935	584
gm5757841103139689890	524
gm6239687334133965117	562
gm4847390586507268565	561
gm8766851057458716900	1183
gm4505343775164855373	572
gm5942584658692360942	591
gm4500675281366736747	545
gm4977419599169289499	589
gm2363647730152818417	2905
gm5877624171324279139	544
gm4086820208444124309	1176
gm3380424704927291431	571
gm8344656188840188897	561
gm2571883144041030350	556
gm833325560686168644	594
gm4461064225695017498	594
gm5747794895422732077	599
gm2899880949110782979	589
gm4229331997728253043	574
gm6566869084225786016	595
gm572319630542955445	569
gm1021569541065790739	562
gm1186517951075664867	596
gm5994339261427962489	568
gm4258942678283313856	572
gm7795249517567758969	1129
gm2390600143458994420	601
gm6323632091432760812	1169
gm8222588897568309973	604
gm2871356567459309534	550
gm556853868444624567	585
gm7967945693158659228	1171
gm7637293581060532124	1137
gm6602239479812976372	545
gm7305594319331904729	553
gm205026146731465614	563
gm171625529760768510	576
gm4086110137002503877	541
gm955620233363560974	595
gm5419112665252962871	558
gm769471595667234147	1130
gm3114174379018994519	546
gm2107849083709936227	591
gm5910793698643196125	602
gm4489261314929694730	582
gm1247406357708129846	1175
gm587300519538539439	647
gm6216735059652870944	584
gm3188191882361738362	559
gm1834219926873472413	576
gm4817153748961390426	557
gm464918240201613981	545
gm1816215546865169987	599
gm7684828583051116201	1173
gm9156397999693375136	575
gm2364498104162864980	595
gm1659083063200320749	576
gm919281428686861532	563
gm6326783489392106447	587
gm8884548510607840408	601
gm4808746070865343870	1083
gm2630155006028957361	574
gm2044198655507260388	607
gm5968419387583501778	614
gm4190210543281603374	573
gm5756252086194625270	2272
gm6476353896274084506	524
gm7480134636506740310	578
gm6708609709701305777	565
gm7910976226260810162	579
gm187294301796257893	598
gm7654693985331477331	569
gm6338242712673716205	1695
gm1890664900226608536	2288
gm4453776743675803370	612
gm1257826015163662574	553
gm2361168771267603837	548
gm8565998787916225960	1725
gm6822127292637938292	1119
gm6352249406087827359	568
gm8305948257852598206	590
gm7122879881342600262	546
gm6176034606932068454	1168
gm6681582714479870402	583
gm9204122239717343801	573
gm7573510017068309457	578
gm8571205932496629543	559
gm5324984701728558952	566
gm6131071953149235054	1089
gm7844406194640957	567
gm8180602221265435603	557
gm1169118568419205132	572
gm2393965055263498344	566
gm5139380595323635084	599
gm183233258444462286	592
gm4271935443451124245	604
gm6667174998519270949	1140
gm6786547485765531169	589
gm6724548862003846600	575
gm3979879339627890375	545
gm3399040665651590818	546
gm6724574208258586075	558
gm8497935978341047889	560
gm8193476785823688601	585
gm7596467591921067280	585
gm4706807072808164363	568
gm8570000732663282587	620
gm6703396985595912354	585
gm8234614888849659821	2279
gm165488814606893504	569
gm6922333732924768045	599
gm3461274149032445277	1175
gm4932479910139851808	554
gm9001115414561781333	561
gm674335954656479696	575
gm1117570889598522277	584
gm1759836890164483402	2327
gm296985267709376708	592
gm4845119796613250071	1749
gm2715884505942588667	606
gm1502096951295061927	1782
gm5871968340267335300	1184
gm7170020658957581839	1101
gm4507455708426304938	633
gm1582091084954120968	539
gm8607576427157044602	1161
gm8324402333897796369	585
gm8632203557426823435	586
gm5615151987895379485	2337
gm1213825423049553503	565
gm1387968798106045996	579
gm9010126540820247301	612
gm5161289446191117054	562
gm458147800782218588	559
gm2559856494308986295	577
gm4541640068784645133	576
gm3238899068479393842	593
gm3001258584643669226	539
gm7410760708965156466	588
gm9016383345760711203	576
gm3860177373159678117	572
gm9099949741252205458	570
gm1713565790556801420	562
gm7577148309512835579	584
gm8791240987247226492	545
gm5902794096731676106	563
gm913678767309931056	2322
gm2947409835960384040	559
gm8169892064169528602	578
gm4271859373113401059	545
gm1147114806297163082	566
gm4219339503890789126	598
gm8424475771442690857	582
gm8599130752950895328	593
gm678665016350765278	570
gm5283774073863181279	1712
gm8387738461459528118	557
gm2679774083818441929	578
gm3542618058712281292	1771
gm6538149295944518200	611
gm5534590819378415751	605
gm9079230985378099509	602
gm8719744492238851157	596
gm4622550055575030936	2921
gm3123872178864382280	565
gm6142118043785402009	1175
gm2785176336410899129	589
gm4791735528367478144	2319
gm2891998904528418554	1123
gm8105528210170307569	1715
gm8477860248954846967	594
gm846771083748875299	547
gm1290894960470864875	616
gm1698634181134142016	588
gm8259552796790200069	579
gm4511288113382261665	570
gm7529006233305769343	2332
gm3952899470784929261	586
gm9004159095521321169	611
gm797607091337467556	1157
gm3617462913918696950	566
gm4080638868901399216	530
gm5037493962802511111	551
gm804122133757182697	547
gm8024723000680295417	1183
gm3509351632617719882	578
gm1334852821142125868	1185
gm7287204220947321322	564
gm8515810835095950523	545
gm391209093672864592	582
gm7376243158358666174	1184
gm4313686853323683964	551
gm7565241900964148882	1795
gm1028267053205163800	582
gm258787834695285648	4597
gm79604423154913952	535
gm2978403304672495378	587
gm5703395573847642300	568
gm5849918362156487577	1117
gm2935597379283562548	583
gm1180012663949956818	613
gm481022870201694295	554
gm9148951003160770520	609
gm1880132684849489330	1203
gm3110149138752692720	597
gm2972960413089082118	1136
gm5880767157070459282	564
gm1974045442388714426	1094
gm3478067785732658802	549
gm2799257694202849189	576
gm3383121888732667519	603
gm8654303067762109860	545
gm1055108460694376220	574
gm4297471056587039596	1760
gm2428815450255124730	556
gm8872100201585398356	1095
gm6129822018321122267	2258
gm6576932971912972077	1150
gm1149481224499858347	585
gm336733794876095425	2304
gm3136773692399432143	544
gm5520822091124521418	588
gm8864161586081749529	590
gm872707878006951971	632
gm1725467686751708525	548
gm4410481100560768789	564
gm5988442349669246559	586
gm2415419033603409368	557
gm4452555537986566112	587
gm8196040743470598547	587
gm7787625563954039856	1144
gm6246783523869829233	544
gm7094981717313311677	2769
gm4006672774652136064	569
gm7395440512023986552	2324
gm7613860531713679862	633
gm7089740785322811806	554
gm998767875061869312	586
gm5843291965659246349	572
gm94556888650779981	570
gm8240495028184391354	606
gm8622741988992850001	573
gm10773726758721168	541
gm8991770645019484529	1726
gm5051677443191650258	563
gm4372987952596415546	571
gm6533827180179162800	1755
gm1490907420255876991	2302
gm194767866850341393	564
gm1023622381536831737	593
gm5124063761603802629	1189
gm3012247491909882331	1776
gm353217622726429672	585
gm3248079301801164456	584
gm4305540043484684917	595
gm8079328549776900258	1122
gm5655053619117259225	570
gm1003486641298656796	555
gm3235751444954832056	601
gm2412077609604602837	572
gm8255699911904383043	571
gm5027954300496954901	4626
gm4026116656514082161	1191
gm324391536799567644	617
gm4925257435713487612	576
gm4205485135183824934	587
gm8993277999795837390	543
gm3363771660287573275	2240
gm626197809892160080	537
gm4830430772030536140	604
gm2411133482609230650	589
gm1763854655154274345	572
gm3629540212694754212	600
gm2130797917689531720	534
gm5070936705797488218	584
gm342387575257778852	577
gm5497908605285237000	571
gm2896300547049942202	573
gm116958416946692062	568
gm4836947776667742234	561
gm588658915783873377	1728
gm7532586194662607961	577
gm2623666879958381635	544
gm1708025592030072087	573
gm726416673196750251	1161
gm7785482648568332449	567
gm2366910612088441034	597
gm3494332937836467694	583
gm8882472706268494030	589
gm8049850613265129995	598
gm2002378350304626047	563
gm72814112755868458	539
gm3128498150489811495	593
gm307919146716236750	587
gm2155293699562949243	620
gm9043614313959127813	532
gm4190831770142651282	587
gm462830189502291195	553
gm4545405078216775280	1147
gm9007618679245801840	563
gm4251969398942067991	552
gm2002816398625567330	586
gm2756039804534046040	1139
gm3082360811460978907	567
gm439697510800394470	611
gm6486825454875635476	582
gm8516326135807839883	601
gm4736890207511875214	605
gm1898659697653333035	614
gm2113235832732913653	1651
gm714607090504755270	589
gm6624906464053741090	561
gm3861474507604147422	1178
gm8862981598290875305	1167
gm2121455718942473153	579
gm770689197968662994	580
gm9189436741714058043	577
gm1843327188821564277	597
gm7878093015605118282	1647
gm102046747635207232	2253
gm5261720621096422936	292
gm1702097113735623667	631
gm6483479156504574531	1152
gm2785843470239141203	588
gm8376876714455268211	1804
gm4070386615053754724	597
gm6310026037314692948	569
gm4650233350551834609	559
gm6816609814891025673	2925
gm4040777948247104163	1798
gm4973214990557105489	569
gm4744231101933675747	1113
gm3053407689321096938	592
gm2836213324609928762	548
gm5503317407742997693	586
gm6829208487111114558	568
gm4973869547214243670	2390
gm532868756010775507	566
gm2486598997893384119	628
gm6309496117887793773	1193
gm8126106635754239828	2957
gm6006055138625877102	571
gm5293308863590147112	3561
gm730283361617584370	592
gm3651577360298565063	549
gm8652569566437489772	598
gm1519464629805280016	3406
gm8519441926828036025	581
gm2385457254286219309	569
gm7159568647720928788	572
gm8874666649261238003	598
gm6249528348181903475	1207
gm1967868338093639818	590
gm1602458641971737714	609
gm1406610457547160888	1142
gm6055036764998777824	567
gm3954880220785606547	598
gm8756415535022938705	571
gm9088411286097822104	572
gm1482630196871975049	1125
gm8655897670201754078	559
gm6697747478406908088	572
gm2605217225683830688	2877
gm5820659697017309067	1793
gm1955407669407982936	560
gm7978647983661467079	560
gm1019749735194233515	575
gm4746705162063438454	578
gm1699173487669060995	586
gm6245888691609152919	2320
gm8852720875792076895	579
gm7436865459725894454	587
gm364841444346748873	565
gm4936768857336534635	573
gm6679239373848589495	1219
gm762712291326557836	1186
gm8075993039928396361	1095
gm469919324264971267	560
gm4225643369301874667	1126
gm5747260098770945447	528
gm8852009877179399426	590
gm1281565652019427477	1141
gm2980665597990362656	571
gm8538457715132072299	534
gm5658632882398723168	552
gm5262735809905517233	605
gm7794933979925197235	561
gm5735722895634975887	573
gm9077212393346743473	594
gm7181903348560814763	576
gm497483758619596821	582
gm6191442100033455506	522
gm7099451898080574848	580
gm21599015200440018	1142
gm4629240574587888133	590
gm2514749931062831909	582
gm8176063151545584195	571
gm3063372733560665530	585
gm2177926619220078601	2389
gm917033366205464836	1093
gm41875238941280980	1166
gm6313656923708778564	523
gm3619446989190151789	582
gm9083824187939512003	585
gm2663209030840737168	2259
gm3979424325346642583	1178
gm6100582307723717676	567
gm5490818216595988573	1746
gm3194482359653353821	597
gm730612833529105601	583
gm5750679623986831645	555
gm2341353434698343303	1771
gm2993236570939217105	628
gm7825024486510631362	587
gm3933138185252449179	591
gm4639708161976646656	568
gm6424728933311427842	1812
gm2702114746765725106	578
gm6065965883159448814	570
gm8056232148320382225	591
gm4438123556237375605	557
gm7152760701553618356	2368
gm1934343622749667956	585
gm2304996845767645569	2850
gm7570554486348656510	620
gm3624383796483192297	562
gm2944419276917450435	576
gm4775496782582019346	560
gm3558947384719430875	1150
gm6587831015548651810	540
gm2342216227280604009	566
gm1039803250592943656	617
gm2595393511831301380	565
gm7083263281740127004	567
gm1487032634760103543	607
gm6452138804025890231	562
gm4205323782919699575	542
gm8506828049171312232	586
gm7806497502488849195	568
gm7844471156921010840	552
gm7972596887215713989	3399
gm7139989432135334235	564
gm6940383659584393822	531
gm6897364917567176832	576
gm6916480880401468954	574
gm6922294435991437453	544
gm6770553769084724165	586
gm4853411480254553943	556
gm5654990309837480988	595
gm5214133108201171898	578
gm8887836400539083100	578
gm7582198338161072650	573
gm2365840109558111891	598
gm6539958138518834602	620
gm3957925622968165861	604
gm6037383644529767445	587
gm3441712931643522328	556
gm1979209255753240195	571
gm1349075351078345193	1223
gm8633732181563818722	572
gm4567190840381870695	615
gm4351059180485089188	566
gm8245693869797648071	588
gm3656129485269474393	622
gm18175528409443969	639
gm8230273059781148325	603
gm9220407183267322180	627
gm1082311144175370865	541
gm4977378893267960258	575
gm1902269494338203143	604
gm7419201431707991205	607
gm7951237504960354457	587
gm431548914804262346	569
gm6661459591804733744	580
gm5242432680557268837	555
gm4058584400049566472	586
gm1162353440124291757	604
gm8707773224207396845	574
gm6575910799630686471	598
gm840043053646248708	597
gm2790357472300840757	571
gm624274989527704854	550
gm291505803710719359	586
gm83439845432836306	2804
gm7506045487824291545	630
gm4520889364283910083	567
gm6307439910385182273	579
gm5970729903374466237	587
gm6548378309778907840	554
gm4818165319255520534	552
gm2105335478941480903	551
gm1813468877779964419	855
gm7845398561070188251	1754
gm1399705285209507205	584
gm2337641600476986995	643
gm5701194413019822047	590
gm2083517984312577768	590
gm7262545099637004	563
gm4379922253686573522	578
gm7053213359265223301	613
gm1759867330790426348	582
gm4040853521918145101	536
gm3209920474088626862	628
gm943216043409351512	584
gm4820185472544954338	563
gm592577214559857242	1742
gm3420830672560769247	573
gm6490855959227933924	600
gm1957316142054577476	598
gm6401911889223573915	566
gm751926860558307617	1162
gm5196143454893224567	591
gm1825452913283416818	4101
gm3002673570648118722	581
gm648035279289739055	560
gm7991924707765576290	565
gm3666336821985806990	597
gm2249808533707051237	581
gm6940468059449473702	588
gm4441780939162226112	588
gm4102732838340397672	622
gm2466357052358505386	589
gm4303840763919345454	582
gm2317776595602177332	1121
gm5257889832774917652	568
gm1432026497488142806	569
gm4305837731860812780	4073
gm7998737820033802425	553
gm4031835608539370801	564
gm5469287739519326088	608
gm4576074112006228286	576
gm6572725585524957630	563
gm4598960788416012048	1157
gm6372346750025832481	603
gm1744710092574240566	533
gm6551032767695633500	591
gm1769763742728161016	555
gm2349767396834016649	529
gm7371700666379314718	593
gm350599268486717079	1133
gm5111510466298104279	605
gm3828364925271789218	562
gm1157627293896434550	571
gm8573438719311887650	576
gm4895407345565365216	622
gm319248066183335245	572
gm1706524902654139822	1179
gm8350272878184606120	2878
gm3571887128338749882	562
gm6251707347391083995	1691
gm4142296726486993115	561
gm8768270946641111799	575
gm7297068122799012697	1141
gm802172245974620716	585
gm221793988617189186	1744
gm6734865389843242696	551
gm9121679057666668226	547
gm6154812458786731875	577
gm1850506207322702128	3386
gm1632321396728835304	4000
gm1374916965856760432	589
gm2139409374301297474	564
gm6074287816973207203	1759
gm3036260227379726029	1683
gm7221952829670757352	583
gm1037611839381013055	2328
gm233693556800491648	593
gm5445369053406061305	2264
gm5362317957680439124	596
gm6070078214315187070	595
gm5579614382315474559	3617
gm5197116389217801184	564
gm1733258889474447285	582
gm5177605853856044823	573
gm924347288827188775	588
gm590225812035947981	590
gm8254391160537098231	1162
gm930562369426176766	581
gm3602204486995605060	551
gm1898780525305505473	568
gm4583025355771897145	3533
gm2084070133125629032	616
gm7453981481639514136	577
gm8549053467567382152	550
gm6591072468265345629	582
gm6727825151475218903	583
gm2613096776796906610	548
gm8139548159952028987	1758
gm5784782810049109588	570
gm3154140282163975869	567
gm1927585781371074617	1202
gm5010863499400186800	564
gm7337234718233610961	554
gm5759311744274692820	583
gm7908681696220295945	575
gm3904281708571781731	1142
gm2555985654426493380	608
gm2815528145282517918	590
gm8272961622778123232	1160
gm1832721152578217591	598
gm3026965425250138195	594
gm4958841974355427986	3518
gm4578764288806147851	1117
gm7921446885163226774	588
gm5139317196891589302	568
gm8970808248626901001	554
gm7015090123983121125	2839
gm1966923107203525342	1150
gm8719961324365309523	604
gm2211245697491522364	545
gm4422128505596994838	597
gm7059716399104396890	570
gm2162136108883565240	1150
gm2794599939022535330	1141
gm1054126435965479256	591
gm5351375960696708890	587
gm2492367185495560419	548
gm5991531079231033804	603
gm6936102014178128534	562
gm5801942668731480053	575
gm6393379633472667169	574
gm4379864508605112246	2949
gm3921431908648469761	570
gm3828544560027591094	1800
gm2694969424459758560	631
gm7673197613493489520	2895
gm8141439710313045083	553
gm6956486047276205376	1125
gm2202578805925149597	1135
gm7149597959022823905	583
gm3317982730846623633	543
gm3098775571551335613	575
gm5348552557735825091	594
gm4310466812846242074	558
gm516050850434887806	1176
gm1782961879966332919	588
gm4112531711792877090	581
gm9097588490606570657	855
gm7471635226528299044	569
gm2695407751185127043	570
gm2532211240481700207	560
gm7571516130053080825	583
gm286509492649927074	573
gm7069957421174771252	1156
gm6389659277220542878	510
gm860384606145026540	579
gm683506540077036592	583
gm5116753084427082505	1169
gm5041251728401674425	601
gm1461104721728300856	600
gm1696171945090410816	569
gm1787627543215905212	573
gm4058825019359719921	564
gm4463517515751121258	587
gm482043645930455770	2325
gm2261349249350784704	1760
gm5313145020674561643	557
gm8656590359150070199	578
gm6122641018903551544	573
gm749094679372906291	565
gm8681758263165217345	1139
gm1981329237872510396	596
gm4979605997167806823	568
gm2725834536940728659	619
gm460813846529421365	1717
gm5671191552489991328	568
gm3787833830190369415	590
gm701222410186326111	566
gm2619446425665576751	605
gm1988642060758999568	614
gm7294471171122588925	1153
gm7795108955223087345	637
gm2067489577922894292	594
gm2750298213077974452	1730
gm7729978149729761863	548
gm7649912698922464991	553
gm1261295252058811505	559
gm6235550978234507691	591
gm933866983522103549	2274
gm3156650952265749240	568
gm6146651021346024437	601
gm444107365225945196	532
gm5060903513113889214	532
gm8843881470447903175	572
gm2480673998069758063	601
gm4955442004272234494	585
gm857067083152168084	554
gm2997562958203710959	596
gm708718869030927370	1102
gm7024036121255922472	1154
gm6251962180499891147	569
gm2462901372778005732	586
gm392599624789768140	532
gm8596794381615197561	638
gm2718865090544232386	1662
gm3090189978883690721	624
gm1444821508718144437	1079
gm1559788438285926931	541
gm6009928615202308679	534
gm348291206825704286	571
gm7870273686205511042	1111
gm5347679594357059206	546
gm4539804769127382714	2308
gm6454458744874672103	580
gm5920306394291098182	545
gm3608895327272068027	566
gm3096227518994130714	565
gm8268363596495539052	1718
gm1249303531358345051	597
gm8802678784895801527	578
gm7049760874689126628	626
gm8595358166553689654	559
gm591198805457319425	523
gm7629660471288297095	296
gm6293534947359728034	533
gm6472036718813112907	547
gm7163123676150821394	579
gm1330849520638104840	589
gm8457622703557490017	555
gm5812162678966242079	585
gm8217051177618136088	552
gm3280360673269007632	5173
gm2574149609518477915	615
gm3087374828052883735	565
gm2305312175531832936	622
gm3319923608866476324	539
gm4699415226219471665	531
gm7465360438713378710	2891
gm3693165046954948857	1133
gm7487820423497440160	638
gm7702787042103624417	2343
gm8671395359770310557	584
gm577503460586349684	574
gm1425961049294451005	1200
gm8911890640720226235	554
gm8300491622371881775	557
gm5298285596676966713	1771
gm4556019672811064130	553
gm7168694493261502893	1173
gm732322368298469190	607
gm2571934574774866903	611
gm1548849601475061471	2261
gm4963574242933725696	558
gm8814651300011271637	1681
gm2154743577643865341	553
gm7434565133670963464	628
gm6829550268287850624	562
gm5374085009870388292	568
gm5267564883626307600	521
gm7746275749435666718	530
gm2167868866908265084	581
gm8638468267824792804	585
gm1509579408205232244	550
gm4037060515861929166	586
gm7568784635783947016	572
gm2111421332824378210	594
gm5278891977546084664	2260
gm4295813015471807600	578
gm7213220911770176413	552
gm2557740426196685089	613
gm4793470572158775558	590
gm8977779514567316217	1751
gm1046997531386323457	1121
gm4932775117030040818	1171
gm1577340225383225962	1177
gm471460636461801854	584
gm7746143475205703240	1145
gm1063890468171098675	615
gm872886913171716213	613
gm453067030601710421	548
gm5779390531040290873	1139
gm4281641539254950762	1106
gm2167036979711365086	1185
gm8748783411642976622	576
gm1792591532894841896	574
gm3843830468619920669	562
gm7002955278526865953	555
gm6087250306435252813	578
gm8073992221250687225	574
gm8127511813794248934	568
gm3184079835925495453	575
gm8782284444545285533	590
gm1187623608377720384	552
gm8173523829483269804	566
gm3932118582472830486	1163
gm3648926998715174118	2829
gm1223694497002834599	575
gm2624399256027985448	594
gm5232496952160340874	1750
gm6918015704269471461	577
gm902670684461664933	635
gm4648005059942591080	564
gm450186793620338299	559
gm5532396281177396306	547
gm7971810090629102577	2866
gm9064269847504694434	595
gm7681300146887968233	577
gm8178830773961525936	583
gm3921971541129774165	572
gm1117050392200100420	577
gm5995825122882051138	546
gm391496380742487093	624
gm8904110036882135557	581
gm6203136438717315930	564
gm3245458639859086604	546
gm5209993925949844859	546
gm6571340302860892891	1170
gm1112159755625779418	583
gm3578851868215779454	556
gm6354674750407087908	629
gm8196819854700557126	557
gm4564728888513332805	1142
gm8045285074930938286	1152
gm6355564978950931287	581
gm5665858400662133293	556
gm6328296622694538346	524
gm8686520785494849459	623
gm649239580381946450	573
gm2225388668602990120	615
gm675326182711493996	617
gm9190113186203196253	2274
gm6566243438749926211	564
gm4946228576438371458	592
gm1916825921756556838	576
gm8321490782802608890	608
gm9095074794880077256	555
gm8889764306684278825	589
gm2908353277354388534	573
gm2101866407485431501	1770
gm3523683356331695977	581
gm8417757079986286673	1653
gm8472100372761573163	555
gm605419150338339611	621
gm8655885323752809557	597
gm4627830792499023932	554
gm3870971750317037980	578
gm4689033264601556997	572
gm3382510281446417533	579
gm7958127172742240826	556
gm7926298167340520202	1131
gm4548675800884261315	1746
gm3791882063331645882	529
gm6443852520661681669	605
gm1418314315314800013	1660
gm4335156666340409262	1732
gm992700819290145408	608
gm7287377084174897505	556
gm5049588022858904653	577
gm8159366227261156708	542
gm7103840647459121728	621
gm2518710502169563568	612
gm4407974622301233594	588
gm8511822028801894621	569
gm3997305230575663453	1168
gm7755911547645099849	560
gm5015162461055144232	1112
gm7650513555531313820	642
gm2854185345152435497	598
gm5424614664796057019	565
gm610619151281371441	594
gm1007376229842280909	616
gm6660025228567570251	615
gm6891417116304709450	549
gm2703293659346895384	574
gm4461095388837694540	613
gm5343256694468560177	590
gm1401522720141800250	559
gm7139508849388830453	547
gm8184973862415085604	576
gm54038388143102442	594
gm3450725039954410241	1150
gm1523205919348364545	3553
gm9019353890904099732	566
gm6723547235550464146	551
gm3076752553491728815	1781
gm822486330554351963	614
gm3050286556083752431	540
gm6035075634412334835	570
gm4220590584113167256	570
gm1075424903526406178	611
gm6840524740227358367	599
gm7752452657060051413	1718
gm3079304823220723119	571
gm6155225025990210968	588
gm8711311601822836481	1762
gm3659884925206634133	582
gm7383400647199538863	596
gm8207359882739501157	580
gm3611146425378075853	591
gm3266858809479327456	557
gm8929800381116024362	1148
gm9178733633812436784	577
gm7895880992267958381	585
gm9047505454062493637	564
gm7181958662064719538	544
gm7826621393617203206	571
gm1940626503101472417	531
gm8507585891456628578	562
gm3079834067767603156	1188
gm4936525272633075596	3571
gm5926499887374177230	540
gm2526681171942451846	580
gm341890663049861894	601
gm5450529573594774520	587
gm2685701865397957541	1140
gm2667363100105579465	618
gm2399211411086007220	570
gm4993606859001289757	1699
gm8552620141491949404	561
gm3591963788177863898	1147
gm9086147410974280652	574
gm7316424826360018864	577
gm3171722615057655746	604
gm8873499086855970698	1163
gm2860856611395811529	547
gm8406405103514132680	612
gm5495921208494978589	585
gm7949414618975980525	1153
gm1390599411860610842	1695
gm532096571410105682	1727
gm5056988646982459703	556
gm847094753829073784	614
gm4727573972672600738	590
gm7026901061405298171	2390
gm7351228252613111511	1140
gm8754150420195050071	587
gm8021225523177003132	554
gm4290869953143616975	633
gm5297520209018310909	593
gm7347005597399636475	1114
gm4074147633383578600	618
gm506438103780034793	566
gm7547109350808779623	571
gm1280963288844738300	585
gm8276762393235962827	599
gm3945808347970514351	553
gm1445507363846538795	2878
gm6301785275846827042	1677
gm4640163115959242509	608
gm1103708735490811391	1733
gm3947411512317856017	1714
gm3814333344481352537	555
gm1874582775615751725	611
gm7438421644402923422	533
gm4820076626634239020	587
gm5416115925124083795	1156
gm9180247829886633730	1194
gm3838786100738987166	590
gm6410331794589739360	558
gm3611656282277052028	603
gm8032432135022771938	612
gm6549838918535683444	573
gm3049155346458669610	605
gm6899693550700579222	567
gm7083221304974124718	565
gm4514928218421752439	533
gm1709193951832875120	1791
gm182734271062607655	560
gm4928737367637214502	542
gm2168081581368720212	2858
gm6743427028143478110	555
gm2342281349017987751	586
gm4028245229529036687	600
gm4980525371033631165	614
gm3427728902663575888	586
gm9005208421862891727	583
gm6264675594761285001	574
gm8537578924645959528	3447
gm2260645658135425912	1180
gm2580347450247140263	1747
gm615743256001181607	586
gm7529700998294366531	565
gm724617580280394360	2898
gm49968389706627571	573
gm6034826144697668446	589
gm3033625284584159274	1110
gm9148566658830664905	574
gm7258399786912342745	530
gm6885755310761279375	1737
gm274699751733194602	592
gm7352567121324460444	2335
gm7986302696265449111	537
gm5691587565684885064	566
gm79042079489153678	599
gm2904669393693394117	571
gm9148904946783786667	1145
gm8857293229555736016	3465
gm1765332399441484920	601
gm8936551784093852007	581
gm2773546676230174061	568
gm2057029342030420885	591
gm4653777792546041627	596
gm4178810540957392172	590
gm8095101171084369352	3458
gm953816156822177599	595
gm4280769947865669119	1729
gm4511455073075838216	556
gm8068756493105346354	582
gm5479330443177257359	593
gm7714130987822939757	543
gm8406762059340140504	561
gm7825271611957781425	571
gm8528104584650553980	554
gm5133808855709192453	554
gm8741260020262637883	600
gm4180282700617595831	1140
gm3080595509794167257	606
gm4767891032077671981	1679
gm768468008893575309	1155
gm6506641837650652360	536
gm1690668780755749752	1756
gm2434642285524019489	550
gm248010494678902184	549
gm4591736405210480788	544
gm6439900993365854374	593
gm8522984934100654851	535
gm2301974235901667528	568
gm2812877707144689861	560
gm8481617026856677713	1694
gm4767506127274774777	604
gm8337142786835930821	568
gm2284449617734777134	561
gm7457974161038465813	1727
gm3893201913747877290	584
gm7905225222596028370	1176
gm7389157141800404404	591
gm411944651444615665	560
gm2484405491878317169	587
gm8392803415728261985	2371
gm5088647350812921805	603
gm2098777044560053085	584
gm3875749612879427213	604
gm4384973809400884363	2272
gm8799885608404374885	1160
gm8067977064690210782	1201
gm2064783460388803536	572
gm3683493557746604833	625
gm7008034297592422140	553
gm5740911514243541188	1141
gm6217650860273545895	1753
gm745755770333518935	592
gm8419288054857583189	601
gm2067880540533176045	645
gm6873853236496512994	587
gm5485543825962149833	1751
gm6723256160438654731	569
gm147011329172061618	613
gm7920861123190836709	621
gm7757227079415598348	548
gm4378781354462794271	555
gm7879813487543228683	524
gm3402270079450092750	570
gm7342584525616806694	608
gm711509252253718783	561
gm5073007577554850147	1784
gm6525552662841704198	584
gm8450004740556700588	552
gm3505299502141904527	565
gm7296752962545346668	585
gm999655509915859646	564
gm5696393579394858780	1733
gm3098163248332012168	655
gm5757730042705713395	560
gm6023602179004850004	624
gm189649526625817936	592
gm6582087706536297929	594
gm9025950234573249701	582
gm5626049076057893977	557
gm3298789636414918384	579
gm2637104868194272108	609
gm1423093701890172823	1149
gm7170623727095297036	564
gm2861346723156151595	1654
gm6145814125127988457	545
gm1135696233330901878	537
gm7110411861628714615	564
gm7530860302673120224	589
gm1241804966214787651	573
gm842124042669184895	552
gm7778984876884436428	596
gm152213583340739043	597
gm7096980452817966230	558
gm2146027842083431545	543
gm2456674258034017269	587
gm1137953433234984102	565
gm2613965416670797360	598
gm7911626749293296029	574
gm4568220837146915447	605
gm1405989338242998330	589
gm4102693661902936636	556
gm6430225014198668279	1160
gm3288402788895521143	1659
gm4997531615256590547	590
gm6487692670871402330	1159
gm2734030421100184430	564
gm5438120574913438418	575
gm7140865408906033831	602
gm4622709701670931261	546
gm86526529035389391	593
gm4828190023099000609	550
gm4333543389665992114	580
gm9195657314288717840	585
gm1169425784858110881	609
gm5065443865024720027	565
gm780067843974172283	538
gm1200142637448929245	598
gm4753139269205616518	553
gm3267921592020374463	1156
gm3526748096198168017	576
gm7294598038238755970	549
gm5790977834915325809	1170
gm7742888837489563302	588
gm4291577822170398701	593
gm2574233839915161757	574
gm5056895871021037700	559
gm6903831202850726759	1089
gm7837454160402041332	533
gm3816651480018128962	584
gm2577775172844274154	649
gm816151424174027726	1168
gm4503443310556165773	1752
gm3361330955319807715	585
gm6401219577363449790	559
gm4701273179894689629	558
gm2876106290902146832	606
gm2293393205196249282	558
gm2387517460129021127	555
gm8310236966415476744	549
gm8513062820423362159	1725
gm6565994142495099217	625
gm7661953342162763441	554
gm5482121925422890761	595
gm707952713375882511	602
gm1840920305990069140	618
gm4173325688163088407	596
gm7317747848171488360	582
gm3070739853807342278	587
gm1199876501669862153	653
gm1754311350041033179	555
gm6290551171887524972	571
gm6985399543865852441	576
gm6739380841344293942	592
gm5565219778216397230	603
gm5096196767599989923	1726
gm7496650847517659946	543
gm233164365113408883	578
gm1433613921493253845	581
gm6499859876061592071	1695
gm438343094861783627	561
gm7745542619236982280	2822
gm5847902938357534644	1158
gm3563679416445841683	1103
gm6345372556473516002	556
gm1480938125569120834	581
gm177937019243990362	550
gm4649617562309390156	582
gm5520017975380572315	574
gm8906642661163373395	627
gm4541726810250261036	2916
gm7078813312220094176	573
gm9190623718161384364	570
gm1320070029159091522	1734
gm8171844991145768716	559
gm3877829109324522345	584
gm141600169451025564	577
gm8197363942560716905	607
gm7400996468498679239	583
gm7152005351252536270	1079
gm489328891052164057	588
gm8037085430955070089	618
gm3592536204075252490	584
gm2992487467575927300	577
gm8024872967266575501	564
gm6726648705421467213	626
gm7234284000907852644	593
gm5909195074207516284	588
gm8285770508991772214	536
gm6883870160795649663	1144
gm8549224870669360694	577
gm2981172884353405898	562
gm4011616458102092765	549
gm4140170549384129766	599
gm830347021965103002	563
gm8388604838983990821	573
gm4733105669858797412	561
gm5235083771067079636	549
gm2194404528553444815	556
gm6139411210094477288	573
gm4343134145248189307	601
gm7844538978666946144	564
